/*******************************************************************************
 * Size: 16 px
 * Bpp: 4
 * Opts: --bpp 4 --size 16 --no-compress --no-kerning --font main/fonts/assets/montserrat-cc8daf2/Montserrat-BoldItalic.ttf -r 0x20-0x7E,0xA0-0x17F,0x2000-0x206F,0x20A0-0x20CF,0x2100-0x214F --format lvgl -o main/fonts/status_text_16_bold_italic.c --lv-font-name status_text_16_bold_italic --lv-include lvgl.h --lv-fallback status_text_16
 ******************************************************************************/

#ifdef LV_LVGL_H_INCLUDE_SIMPLE
#include "lvgl.h"
#else
#include "lvgl.h"
#endif

#ifndef STATUS_TEXT_16_BOLD_ITALIC
#define STATUS_TEXT_16_BOLD_ITALIC 1
#endif

#if STATUS_TEXT_16_BOLD_ITALIC

/*-----------------
 *    BITMAPS
 *----------------*/

/*Store the image of the glyphs*/
static LV_ATTRIBUTE_LARGE_CONST const uint8_t glyph_bitmap[] = {
    /* U+0020 " " */

    /* U+0021 "!" */
    0x0, 0xdf, 0xf1, 0x0, 0xff, 0xc0, 0x1, 0xff,
    0x80, 0x3, 0xff, 0x40, 0x6, 0xff, 0x0, 0x8,
    0xfc, 0x0, 0xa, 0xf7, 0x0, 0x6, 0x82, 0x0,
    0x0, 0x0, 0x0, 0x5e, 0xb0, 0x0, 0xcf, 0xf3,
    0x0, 0x6f, 0xa0, 0x0,

    /* U+0022 "\"" */
    0xe, 0xf2, 0xaf, 0x71, 0xfe, 0xc, 0xf3, 0x3f,
    0xb0, 0xef, 0x6, 0xf7, 0x1f, 0xc0, 0x5b, 0x32,
    0xb6, 0x0,

    /* U+0023 "#" */
    0x0, 0x0, 0x5, 0xf8, 0x2, 0xfa, 0x0, 0x0,
    0x0, 0x9, 0xf3, 0x7, 0xf6, 0x0, 0x0, 0x0,
    0xd, 0xf0, 0xb, 0xf1, 0x0, 0x0, 0x5f, 0xff,
    0xff, 0xff, 0xff, 0xf0, 0x0, 0x6c, 0xef, 0xdc,
    0xef, 0xec, 0xa0, 0x0, 0x0, 0xcf, 0x10, 0xaf,
    0x30, 0x0, 0x0, 0x2, 0xfb, 0x0, 0xfd, 0x0,
    0x0, 0x9, 0xcd, 0xfe, 0xcd, 0xfe, 0xc7, 0x0,
    0xe, 0xff, 0xff, 0xff, 0xff, 0xf6, 0x0, 0x0,
    0x1f, 0xc0, 0xe, 0xe0, 0x0, 0x0, 0x0, 0x5f,
    0x70, 0x3f, 0xa0, 0x0, 0x0, 0x0, 0xaf, 0x30,
    0x7f, 0x50, 0x0, 0x0,

    /* U+0024 "$" */
    0x0, 0x0, 0x0, 0xc, 0x90, 0x0, 0x0, 0x0,
    0x0, 0xf, 0x80, 0x0, 0x0, 0x0, 0x7d, 0xff,
    0xfd, 0x81, 0x0, 0xb, 0xff, 0xff, 0xff, 0xf2,
    0x0, 0x5f, 0xf9, 0xbf, 0x38, 0x90, 0x0, 0x9f,
    0xf0, 0xdc, 0x0, 0x0, 0x0, 0x8f, 0xfb, 0xf9,
    0x0, 0x0, 0x0, 0x1e, 0xff, 0xff, 0x91, 0x0,
    0x0, 0x1, 0x8e, 0xff, 0xfe, 0x20, 0x0, 0x0,
    0x9, 0xfb, 0xff, 0x70, 0x1, 0x20, 0xc, 0xc2,
    0xff, 0x70, 0x9, 0xfa, 0x6f, 0xcc, 0xff, 0x20,
    0xd, 0xff, 0xff, 0xff, 0xf6, 0x0, 0x0, 0x59,
    0xdf, 0xc8, 0x20, 0x0, 0x0, 0x0, 0x9f, 0x0,
    0x0, 0x0, 0x0, 0x0, 0x78, 0x0, 0x0, 0x0,

    /* U+0025 "%" */
    0x5, 0xdf, 0xb1, 0x0, 0x4, 0xfb, 0x3, 0xfa,
    0x7f, 0x90, 0x2, 0xed, 0x10, 0xaf, 0x0, 0xdc,
    0x0, 0xdf, 0x20, 0xc, 0xd0, 0xe, 0xb0, 0xbf,
    0x50, 0x0, 0xaf, 0x27, 0xf5, 0x8f, 0x80, 0x0,
    0x3, 0xef, 0xf9, 0x5f, 0xb0, 0x0, 0x0, 0x0,
    0x31, 0x2f, 0xd2, 0xbf, 0xf8, 0x0, 0x0, 0x1e,
    0xe2, 0xbf, 0x5a, 0xf3, 0x0, 0xc, 0xf4, 0x1f,
    0x80, 0x4f, 0x50, 0x9, 0xf7, 0x3, 0xf6, 0x7,
    0xf3, 0x6, 0xfa, 0x0, 0x1f, 0xc6, 0xec, 0x3,
    0xfc, 0x0, 0x0, 0x5e, 0xfb, 0x10,

    /* U+0026 "&" */
    0x0, 0x0, 0x8e, 0xfd, 0x60, 0x0, 0x0, 0xb,
    0xff, 0xdf, 0xf4, 0x0, 0x0, 0x2f, 0xf2, 0xb,
    0xf6, 0x0, 0x0, 0x4f, 0xf2, 0x3f, 0xf3, 0x0,
    0x0, 0x1f, 0xfe, 0xff, 0x70, 0x0, 0x0, 0x2d,
    0xff, 0xe3, 0x1, 0x0, 0x6, 0xff, 0xdf, 0xf6,
    0xf, 0xc0, 0x4f, 0xf5, 0xb, 0xff, 0xbf, 0xb0,
    0x9f, 0xd0, 0x1, 0xdf, 0xff, 0x20, 0xaf, 0xf4,
    0x2, 0xaf, 0xfe, 0x10, 0x4f, 0xff, 0xff, 0xff,
    0xff, 0x70, 0x3, 0xbe, 0xfd, 0x92, 0x68, 0x0,

    /* U+0027 "'" */
    0xe, 0xf2, 0x1f, 0xe0, 0x3f, 0xb0, 0x6f, 0x70,
    0x5b, 0x30,

    /* U+0028 "(" */
    0x0, 0x0, 0xcf, 0xb0, 0x0, 0x8, 0xff, 0x10,
    0x0, 0x2f, 0xf7, 0x0, 0x0, 0x9f, 0xe0, 0x0,
    0x0, 0xff, 0x80, 0x0, 0x5, 0xff, 0x20, 0x0,
    0xa, 0xfe, 0x0, 0x0, 0xd, 0xfa, 0x0, 0x0,
    0xf, 0xf7, 0x0, 0x0, 0xf, 0xf6, 0x0, 0x0,
    0x1f, 0xf5, 0x0, 0x0, 0xf, 0xf6, 0x0, 0x0,
    0xe, 0xf7, 0x0, 0x0, 0xb, 0xfb, 0x0, 0x0,
    0x6, 0xfe, 0x0, 0x0,

    /* U+0029 ")" */
    0x0, 0xd, 0xf8, 0x0, 0x0, 0x9f, 0xc0, 0x0,
    0x6, 0xff, 0x0, 0x0, 0x4f, 0xf1, 0x0, 0x3,
    0xff, 0x20, 0x0, 0x4f, 0xf2, 0x0, 0x6, 0xff,
    0x10, 0x0, 0x8f, 0xe0, 0x0, 0xc, 0xfb, 0x0,
    0x1, 0xff, 0x70, 0x0, 0x6f, 0xf2, 0x0, 0xd,
    0xfb, 0x0, 0x5, 0xff, 0x30, 0x1, 0xef, 0xa0,
    0x0, 0x9f, 0xd0, 0x0, 0x0,

    /* U+002A "*" */
    0x0, 0x0, 0xda, 0x0, 0x2, 0xd4, 0xf8, 0xa7,
    0x4, 0xef, 0xff, 0xe6, 0x1, 0xaf, 0xff, 0x60,
    0xe, 0xfe, 0xed, 0xf2, 0x4, 0x1d, 0xa0, 0x50,
    0x0, 0x8, 0x40, 0x0,

    /* U+002B "+" */
    0x0, 0x5, 0xfb, 0x0, 0x0, 0x0, 0x8f, 0x80,
    0x0, 0x0, 0xb, 0xf6, 0x0, 0xa, 0xff, 0xff,
    0xff, 0xf0, 0xdf, 0xff, 0xff, 0xfc, 0x0, 0x4,
    0xfc, 0x0, 0x0, 0x0, 0x7f, 0x90, 0x0, 0x0,
    0xa, 0xf7, 0x0, 0x0,

    /* U+002C "," */
    0x1, 0x73, 0x0, 0xdf, 0xf0, 0xf, 0xff, 0x0,
    0x9f, 0x70, 0xe, 0xd0, 0x6, 0xf3, 0x0,

    /* U+002D "-" */
    0x0, 0x11, 0x10, 0xf, 0xff, 0xf7, 0x3f, 0xff,
    0xf4,

    /* U+002E "." */
    0x0, 0x20, 0x0, 0xaf, 0xc0, 0xf, 0xff, 0x0,
    0x9f, 0x80,

    /* U+002F "/" */
    0x0, 0x0, 0x0, 0x0, 0x58, 0x50, 0x0, 0x0,
    0x0, 0x1f, 0xf4, 0x0, 0x0, 0x0, 0x9, 0xfc,
    0x0, 0x0, 0x0, 0x2, 0xff, 0x30, 0x0, 0x0,
    0x0, 0xaf, 0xb0, 0x0, 0x0, 0x0, 0x2f, 0xf2,
    0x0, 0x0, 0x0, 0xb, 0xfa, 0x0, 0x0, 0x0,
    0x3, 0xff, 0x20, 0x0, 0x0, 0x0, 0xcf, 0x90,
    0x0, 0x0, 0x0, 0x4f, 0xf1, 0x0, 0x0, 0x0,
    0xc, 0xf8, 0x0, 0x0, 0x0, 0x5, 0xfe, 0x0,
    0x0, 0x0, 0x0, 0xdf, 0x70, 0x0, 0x0, 0x0,
    0x6f, 0xe0, 0x0, 0x0, 0x0, 0xe, 0xf6, 0x0,
    0x0, 0x0, 0x7, 0xfd, 0x0, 0x0, 0x0, 0x0,

    /* U+0030 "0" */
    0x0, 0x0, 0x8d, 0xfe, 0x90, 0x0, 0x1, 0xdf,
    0xff, 0xff, 0xc0, 0x0, 0xcf, 0xf7, 0x4c, 0xff,
    0x40, 0x5f, 0xf7, 0x0, 0x2f, 0xf8, 0xc, 0xff,
    0x0, 0x0, 0xff, 0x90, 0xff, 0xa0, 0x0, 0x1f,
    0xf8, 0x3f, 0xf7, 0x0, 0x4, 0xff, 0x63, 0xff,
    0x50, 0x0, 0x9f, 0xf2, 0x3f, 0xf7, 0x0, 0x2f,
    0xfb, 0x0, 0xef, 0xe6, 0x5d, 0xff, 0x20, 0x6,
    0xff, 0xff, 0xff, 0x50, 0x0, 0x5, 0xdf, 0xea,
    0x20, 0x0,

    /* U+0031 "1" */
    0x9f, 0xff, 0xf3, 0xcf, 0xff, 0xf0, 0x22, 0xcf,
    0xd0, 0x0, 0xef, 0xa0, 0x2, 0xff, 0x70, 0x4,
    0xff, 0x40, 0x7, 0xff, 0x10, 0xa, 0xfe, 0x0,
    0xd, 0xfb, 0x0, 0xf, 0xf8, 0x0, 0x3f, 0xf5,
    0x0, 0x6f, 0xf2, 0x0,

    /* U+0032 "2" */
    0x0, 0x3, 0xae, 0xfe, 0x91, 0x0, 0x7, 0xff,
    0xff, 0xff, 0xd0, 0x0, 0x8f, 0xb4, 0x4c, 0xff,
    0x40, 0x0, 0x30, 0x0, 0x4f, 0xf5, 0x0, 0x0,
    0x0, 0x9, 0xff, 0x20, 0x0, 0x0, 0x6, 0xff,
    0xa0, 0x0, 0x0, 0x8, 0xff, 0xc0, 0x0, 0x0,
    0xa, 0xff, 0xa0, 0x0, 0x0, 0x1c, 0xff, 0x70,
    0x0, 0x0, 0x3e, 0xff, 0x72, 0x22, 0x10, 0xf,
    0xff, 0xff, 0xff, 0xf6, 0x3, 0xff, 0xff, 0xff,
    0xff, 0x30,

    /* U+0033 "3" */
    0x0, 0x2f, 0xff, 0xff, 0xff, 0xa0, 0x6, 0xff,
    0xff, 0xff, 0xf7, 0x0, 0x12, 0x22, 0x5f, 0xfa,
    0x0, 0x0, 0x0, 0x3e, 0xfa, 0x0, 0x0, 0x0,
    0x3e, 0xfa, 0x0, 0x0, 0x0, 0xa, 0xff, 0xf9,
    0x0, 0x0, 0x0, 0x9c, 0xff, 0xf6, 0x0, 0x0,
    0x0, 0x1, 0xff, 0xb0, 0x1, 0x0, 0x0, 0xf,
    0xfa, 0x0, 0xcd, 0x64, 0x5c, 0xff, 0x40, 0x5f,
    0xff, 0xff, 0xff, 0x90, 0x0, 0x5b, 0xef, 0xeb,
    0x40, 0x0,

    /* U+0034 "4" */
    0x0, 0x0, 0x0, 0x6f, 0xf6, 0x0, 0x0, 0x0,
    0x4f, 0xf8, 0x0, 0x0, 0x0, 0x3f, 0xfa, 0x0,
    0x0, 0x0, 0x2e, 0xfc, 0x0, 0x0, 0x0, 0x1e,
    0xfd, 0x12, 0x31, 0x0, 0xd, 0xfe, 0x20, 0xff,
    0x50, 0xb, 0xff, 0x30, 0x3f, 0xf2, 0x8, 0xff,
    0xff, 0xff, 0xff, 0xfd, 0xcf, 0xff, 0xff, 0xff,
    0xff, 0xa2, 0x22, 0x22, 0x2f, 0xfa, 0x21, 0x0,
    0x0, 0x1, 0xff, 0x70, 0x0, 0x0, 0x0, 0x4f,
    0xf4, 0x0,

    /* U+0035 "5" */
    0x0, 0x3, 0xff, 0xff, 0xff, 0xb0, 0x0, 0x7f,
    0xff, 0xff, 0xf7, 0x0, 0xb, 0xfa, 0x22, 0x22,
    0x0, 0x0, 0xff, 0x60, 0x0, 0x0, 0x0, 0x3f,
    0xf5, 0x10, 0x0, 0x0, 0x7, 0xff, 0xff, 0xf9,
    0x0, 0x0, 0xbf, 0xff, 0xff, 0xf9, 0x0, 0x0,
    0x0, 0x3, 0xef, 0xe0, 0x0, 0x0, 0x0, 0xb,
    0xfd, 0x0, 0x9d, 0x75, 0x49, 0xff, 0x90, 0x2f,
    0xff, 0xff, 0xff, 0xc1, 0x0, 0x3a, 0xef, 0xfc,
    0x70, 0x0,

    /* U+0036 "6" */
    0x0, 0x0, 0x5b, 0xef, 0xeb, 0x30, 0x0, 0xbf,
    0xff, 0xff, 0xf3, 0x0, 0xbf, 0xfb, 0x43, 0x68,
    0x0, 0x5f, 0xf9, 0x0, 0x0, 0x0, 0xb, 0xff,
    0x10, 0x0, 0x0, 0x0, 0xff, 0xca, 0xef, 0xc4,
    0x0, 0x2f, 0xff, 0xff, 0xff, 0xf3, 0x3, 0xff,
    0xd2, 0x4, 0xff, 0xa0, 0x2f, 0xf7, 0x0, 0xd,
    0xfb, 0x0, 0xdf, 0xc2, 0x6, 0xff, 0x70, 0x3,
    0xff, 0xff, 0xff, 0xd0, 0x0, 0x2, 0xae, 0xfd,
    0x80, 0x0,

    /* U+0037 "7" */
    0x4f, 0xff, 0xff, 0xff, 0xfa, 0x7f, 0xff, 0xff,
    0xff, 0xf7, 0xaf, 0xa3, 0x33, 0xef, 0xf1, 0xdf,
    0x60, 0x7, 0xff, 0x70, 0x22, 0x0, 0x1f, 0xfd,
    0x0, 0x0, 0x0, 0xaf, 0xf4, 0x0, 0x0, 0x3,
    0xff, 0xa0, 0x0, 0x0, 0xc, 0xff, 0x20, 0x0,
    0x0, 0x6f, 0xf8, 0x0, 0x0, 0x0, 0xef, 0xe0,
    0x0, 0x0, 0x9, 0xff, 0x50, 0x0, 0x0, 0x2f,
    0xfb, 0x0, 0x0, 0x0,

    /* U+0038 "8" */
    0x0, 0x5, 0xbe, 0xfd, 0x80, 0x0, 0x7, 0xff,
    0xff, 0xff, 0xc0, 0x1, 0xff, 0xb1, 0x9, 0xff,
    0x40, 0x3f, 0xf5, 0x0, 0x4f, 0xf5, 0x1, 0xff,
    0xa1, 0x1b, 0xff, 0x10, 0xa, 0xff, 0xff, 0xff,
    0x50, 0xa, 0xff, 0xed, 0xff, 0xe2, 0x5, 0xff,
    0x70, 0x3, 0xff, 0xa0, 0x9f, 0xf0, 0x0, 0xe,
    0xfb, 0x8, 0xff, 0x70, 0x7, 0xff, 0x80, 0x1e,
    0xff, 0xff, 0xff, 0xd1, 0x0, 0x19, 0xdf, 0xfc,
    0x70, 0x0,

    /* U+0039 "9" */
    0x0, 0x2a, 0xef, 0xe9, 0x10, 0x3, 0xff, 0xff,
    0xff, 0xd1, 0xc, 0xfe, 0x30, 0x3f, 0xf8, 0xf,
    0xf9, 0x0, 0xb, 0xfd, 0xe, 0xfd, 0x20, 0x5f,
    0xff, 0x8, 0xff, 0xff, 0xff, 0xfe, 0x0, 0x6d,
    0xfd, 0x8f, 0xfc, 0x0, 0x0, 0x0, 0x5f, 0xf8,
    0x0, 0x0, 0x1, 0xdf, 0xf1, 0xa, 0x53, 0x6d,
    0xff, 0x70, 0x7f, 0xff, 0xff, 0xf8, 0x0, 0x6c,
    0xef, 0xea, 0x30, 0x0,

    /* U+003A ":" */
    0x0, 0x5e, 0xc0, 0x0, 0xdf, 0xf3, 0x0, 0x9f,
    0xd0, 0x0, 0x2, 0x0, 0x0, 0x0, 0x0, 0x0,
    0x20, 0x0, 0xa, 0xfc, 0x0, 0xf, 0xff, 0x0,
    0x9, 0xf8, 0x0,

    /* U+003B ";" */
    0x0, 0x5e, 0xc0, 0x0, 0xdf, 0xf3, 0x0, 0x9f,
    0xd0, 0x0, 0x2, 0x0, 0x0, 0x0, 0x0, 0x0,
    0x0, 0x0, 0x7, 0xfa, 0x0, 0xf, 0xff, 0x0,
    0xc, 0xfc, 0x0, 0xa, 0xf3, 0x0, 0x1f, 0xa0,
    0x0, 0x5b, 0x10, 0x0,

    /* U+003C "<" */
    0x0, 0x0, 0x0, 0x16, 0x60, 0x0, 0x5, 0xaf,
    0xf6, 0x3, 0x9e, 0xff, 0xe9, 0x19, 0xff, 0xfa,
    0x40, 0x0, 0xcf, 0xe4, 0x0, 0x0, 0x7, 0xef,
    0xfd, 0x71, 0x0, 0x0, 0x5c, 0xff, 0xf4, 0x0,
    0x0, 0x3, 0x9f, 0x30, 0x0, 0x0, 0x0, 0x10,
    0x0,

    /* U+003D "=" */
    0x4, 0xff, 0xff, 0xff, 0xf5, 0x7, 0xff, 0xff,
    0xff, 0xf2, 0x0, 0x0, 0x0, 0x0, 0x0, 0x0,
    0x0, 0x0, 0x0, 0x0, 0xf, 0xff, 0xff, 0xff,
    0x80, 0x3f, 0xff, 0xff, 0xff, 0x50, 0x0, 0x0,
    0x0, 0x0, 0x0,

    /* U+003E ">" */
    0x0, 0xa3, 0x0, 0x0, 0x0, 0x3, 0xff, 0xc5,
    0x0, 0x0, 0x1, 0x7d, 0xff, 0xe8, 0x10, 0x0,
    0x0, 0x4a, 0xff, 0xf0, 0x0, 0x0, 0x28, 0xef,
    0xc0, 0x1, 0x7c, 0xff, 0xfb, 0x40, 0x2f, 0xff,
    0xd7, 0x10, 0x0, 0x6e, 0x82, 0x0, 0x0, 0x0,
    0x10, 0x0, 0x0, 0x0, 0x0,

    /* U+003F "?" */
    0x0, 0x29, 0xef, 0xea, 0x20, 0x6, 0xff, 0xff,
    0xff, 0xe1, 0x8, 0xfa, 0x43, 0xbf, 0xf5, 0x0,
    0x30, 0x0, 0x5f, 0xf4, 0x0, 0x0, 0x1, 0xcf,
    0xd0, 0x0, 0x0, 0x2d, 0xfd, 0x20, 0x0, 0x1,
    0xef, 0xb0, 0x0, 0x0, 0x5, 0xdc, 0x0, 0x0,
    0x0, 0x0, 0x0, 0x0, 0x0, 0x0, 0x1c, 0xe3,
    0x0, 0x0, 0x0, 0x6f, 0xf8, 0x0, 0x0, 0x0,
    0x2d, 0xd2, 0x0, 0x0,

    /* U+0040 "@" */
    0x0, 0x0, 0x3, 0x8c, 0xef, 0xeb, 0x60, 0x0,
    0x0, 0x0, 0x1a, 0xff, 0xca, 0x9a, 0xef, 0xd2,
    0x0, 0x0, 0x1d, 0xf9, 0x10, 0x0, 0x0, 0x6f,
    0xd0, 0x0, 0xc, 0xf5, 0x7, 0xcd, 0x93, 0xee,
    0x6f, 0x70, 0x7, 0xf7, 0xb, 0xff, 0xff, 0xef,
    0xd0, 0xdc, 0x0, 0xee, 0x6, 0xff, 0x40, 0x6f,
    0xfa, 0xa, 0xf0, 0x3f, 0x90, 0xcf, 0x70, 0x0,
    0xef, 0x70, 0x9f, 0x6, 0xf6, 0xf, 0xf3, 0x0,
    0xd, 0xf5, 0xb, 0xe0, 0x7f, 0x50, 0xff, 0x30,
    0x1, 0xff, 0x20, 0xfa, 0x6, 0xf6, 0xe, 0xf9,
    0x0, 0xaf, 0xf0, 0x6f, 0x30, 0x3f, 0xa0, 0x7f,
    0xfe, 0xef, 0xff, 0xef, 0xb0, 0x0, 0xdf, 0x30,
    0x7e, 0xfc, 0x28, 0xfe, 0x90, 0x0, 0x4, 0xfe,
    0x40, 0x0, 0x0, 0x0, 0x0, 0x0, 0x0, 0x6,
    0xff, 0xda, 0x9a, 0xd8, 0x0, 0x0, 0x0, 0x0,
    0x2, 0x8d, 0xef, 0xda, 0x40, 0x0, 0x0, 0x0,

    /* U+0041 "A" */
    0x0, 0x0, 0x0, 0x1, 0xff, 0xe0, 0x0, 0x0,
    0x0, 0x0, 0xa, 0xff, 0xf2, 0x0, 0x0, 0x0,
    0x0, 0x4f, 0xff, 0xf5, 0x0, 0x0, 0x0, 0x0,
    0xdf, 0xcd, 0xf9, 0x0, 0x0, 0x0, 0x7, 0xff,
    0x3a, 0xfd, 0x0, 0x0, 0x0, 0x2f, 0xfb, 0x7,
    0xff, 0x10, 0x0, 0x0, 0xbf, 0xf3, 0x4, 0xff,
    0x40, 0x0, 0x4, 0xff, 0xa0, 0x1, 0xff, 0x80,
    0x0, 0xd, 0xff, 0xff, 0xff, 0xff, 0xb0, 0x0,
    0x8f, 0xff, 0xff, 0xff, 0xff, 0xf0, 0x2, 0xff,
    0xd0, 0x0, 0x0, 0x7f, 0xf3, 0xb, 0xff, 0x20,
    0x0, 0x0, 0x2f, 0xf6,

    /* U+0042 "B" */
    0x0, 0x6f, 0xff, 0xff, 0xfd, 0x70, 0x0, 0x9f,
    0xff, 0xff, 0xff, 0xf7, 0x0, 0xcf, 0xc0, 0x0,
    0x4f, 0xfc, 0x0, 0xff, 0x90, 0x0, 0xe, 0xfc,
    0x2, 0xff, 0x70, 0x0, 0x7f, 0xf6, 0x5, 0xff,
    0xff, 0xff, 0xff, 0x80, 0x8, 0xff, 0xff, 0xff,
    0xff, 0xa0, 0xb, 0xfe, 0x0, 0x0, 0x8f, 0xf3,
    0xe, 0xfb, 0x0, 0x0, 0x4f, 0xf5, 0x1f, 0xf8,
    0x0, 0x2, 0xcf, 0xf2, 0x4f, 0xff, 0xff, 0xff,
    0xff, 0x80, 0x7f, 0xff, 0xff, 0xfe, 0xb4, 0x0,

    /* U+0043 "C" */
    0x0, 0x0, 0x3a, 0xef, 0xec, 0x60, 0x0, 0x0,
    0xaf, 0xff, 0xff, 0xff, 0xb0, 0x0, 0xaf, 0xfd,
    0x64, 0x6d, 0xf9, 0x0, 0x5f, 0xfb, 0x0, 0x0,
    0x5, 0x0, 0xc, 0xfe, 0x10, 0x0, 0x0, 0x0,
    0x0, 0xff, 0x90, 0x0, 0x0, 0x0, 0x0, 0x2f,
    0xf7, 0x0, 0x0, 0x0, 0x0, 0x2, 0xff, 0x80,
    0x0, 0x0, 0x0, 0x0, 0xe, 0xfe, 0x10, 0x0,
    0x6, 0x0, 0x0, 0x8f, 0xfe, 0x75, 0x6c, 0xf9,
    0x0, 0x0, 0xbf, 0xff, 0xff, 0xff, 0x80, 0x0,
    0x0, 0x5b, 0xef, 0xea, 0x40, 0x0,

    /* U+0044 "D" */
    0x0, 0x6f, 0xff, 0xff, 0xea, 0x40, 0x0, 0x9,
    0xff, 0xff, 0xff, 0xff, 0x80, 0x0, 0xcf, 0xd3,
    0x34, 0x7e, 0xff, 0x40, 0xf, 0xfa, 0x0, 0x0,
    0x3f, 0xfa, 0x2, 0xff, 0x70, 0x0, 0x0, 0xdf,
    0xd0, 0x5f, 0xf4, 0x0, 0x0, 0xc, 0xfd, 0x8,
    0xff, 0x10, 0x0, 0x0, 0xef, 0xb0, 0xbf, 0xe0,
    0x0, 0x0, 0x3f, 0xf7, 0xe, 0xfb, 0x0, 0x0,
    0x1d, 0xff, 0x11, 0xff, 0xa3, 0x33, 0x7e, 0xff,
    0x60, 0x4f, 0xff, 0xff, 0xff, 0xff, 0x70, 0x7,
    0xff, 0xff, 0xff, 0xd8, 0x20, 0x0,

    /* U+0045 "E" */
    0x0, 0x6f, 0xff, 0xff, 0xff, 0xf1, 0x0, 0x9f,
    0xff, 0xff, 0xff, 0xd0, 0x0, 0xcf, 0xd2, 0x22,
    0x22, 0x10, 0x0, 0xff, 0xa0, 0x0, 0x0, 0x0,
    0x2, 0xff, 0x70, 0x0, 0x0, 0x0, 0x5, 0xff,
    0xff, 0xff, 0xf7, 0x0, 0x8, 0xff, 0xff, 0xff,
    0xf4, 0x0, 0xb, 0xfe, 0x11, 0x11, 0x10, 0x0,
    0xe, 0xfb, 0x0, 0x0, 0x0, 0x0, 0x1f, 0xf9,
    0x22, 0x22, 0x21, 0x0, 0x4f, 0xff, 0xff, 0xff,
    0xf6, 0x0, 0x7f, 0xff, 0xff, 0xff, 0xf3, 0x0,

    /* U+0046 "F" */
    0x0, 0x6f, 0xff, 0xff, 0xff, 0xf1, 0x0, 0x9f,
    0xff, 0xff, 0xff, 0xd0, 0x0, 0xcf, 0xd2, 0x22,
    0x22, 0x10, 0x0, 0xff, 0xa0, 0x0, 0x0, 0x0,
    0x2, 0xff, 0x70, 0x0, 0x0, 0x0, 0x5, 0xff,
    0x72, 0x22, 0x21, 0x0, 0x8, 0xff, 0xff, 0xff,
    0xf5, 0x0, 0xb, 0xff, 0xff, 0xff, 0xf2, 0x0,
    0xe, 0xfc, 0x0, 0x0, 0x0, 0x0, 0x1f, 0xf9,
    0x0, 0x0, 0x0, 0x0, 0x4f, 0xf5, 0x0, 0x0,
    0x0, 0x0, 0x7f, 0xf2, 0x0, 0x0, 0x0, 0x0,

    /* U+0047 "G" */
    0x0, 0x0, 0x39, 0xdf, 0xfc, 0x80, 0x0, 0x0,
    0x9f, 0xff, 0xff, 0xff, 0xe2, 0x0, 0xaf, 0xfd,
    0x74, 0x5a, 0xfd, 0x10, 0x5f, 0xfb, 0x0, 0x0,
    0x4, 0x0, 0xc, 0xfe, 0x10, 0x0, 0x0, 0x0,
    0x0, 0xff, 0x90, 0x0, 0x0, 0x23, 0x10, 0x2f,
    0xf7, 0x0, 0x0, 0xe, 0xf6, 0x2, 0xff, 0x80,
    0x0, 0x1, 0xff, 0x30, 0xe, 0xfe, 0x10, 0x0,
    0x5f, 0xf0, 0x0, 0x8f, 0xfe, 0x75, 0x6c, 0xfd,
    0x0, 0x0, 0xbf, 0xff, 0xff, 0xff, 0x80, 0x0,
    0x0, 0x5b, 0xef, 0xea, 0x40, 0x0,

    /* U+0048 "H" */
    0x0, 0x6f, 0xf3, 0x0, 0x0, 0xbf, 0xd0, 0x9,
    0xff, 0x0, 0x0, 0xe, 0xfb, 0x0, 0xcf, 0xd0,
    0x0, 0x0, 0xff, 0x80, 0xf, 0xfb, 0x0, 0x0,
    0x3f, 0xf5, 0x2, 0xff, 0x80, 0x0, 0x6, 0xff,
    0x20, 0x5f, 0xff, 0xff, 0xff, 0xff, 0xf0, 0x8,
    0xff, 0xff, 0xff, 0xff, 0xfc, 0x0, 0xbf, 0xe4,
    0x44, 0x44, 0xff, 0x90, 0xe, 0xfb, 0x0, 0x0,
    0x2f, 0xf6, 0x1, 0xff, 0x80, 0x0, 0x6, 0xff,
    0x30, 0x4f, 0xf5, 0x0, 0x0, 0x9f, 0xf0, 0x7,
    0xff, 0x20, 0x0, 0xc, 0xfd, 0x0,

    /* U+0049 "I" */
    0x0, 0x6f, 0xf3, 0x0, 0x9f, 0xf0, 0x0, 0xcf,
    0xd0, 0x0, 0xff, 0xa0, 0x2, 0xff, 0x70, 0x5,
    0xff, 0x40, 0x8, 0xff, 0x10, 0xb, 0xfe, 0x0,
    0xe, 0xfb, 0x0, 0x1f, 0xf8, 0x0, 0x4f, 0xf5,
    0x0, 0x7f, 0xf2, 0x0,

    /* U+004A "J" */
    0x0, 0xc, 0xff, 0xff, 0xfb, 0x0, 0xf, 0xff,
    0xff, 0xf8, 0x0, 0x2, 0x22, 0x5f, 0xf5, 0x0,
    0x0, 0x0, 0x6f, 0xf2, 0x0, 0x0, 0x0, 0x9f,
    0xf0, 0x0, 0x0, 0x0, 0xcf, 0xc0, 0x0, 0x0,
    0x0, 0xff, 0x90, 0x0, 0x0, 0x2, 0xff, 0x60,
    0x2, 0x0, 0x6, 0xff, 0x20, 0x2e, 0xb4, 0x5e,
    0xfd, 0x0, 0x8f, 0xff, 0xff, 0xf4, 0x0, 0x7,
    0xdf, 0xeb, 0x30, 0x0,

    /* U+004B "K" */
    0x0, 0x6f, 0xf2, 0x0, 0x7, 0xff, 0xa0, 0x0,
    0x9f, 0xf0, 0x0, 0x8f, 0xf9, 0x0, 0x0, 0xcf,
    0xc0, 0x9, 0xff, 0x80, 0x0, 0x0, 0xff, 0x90,
    0x9f, 0xf7, 0x0, 0x0, 0x2, 0xff, 0x7a, 0xff,
    0x70, 0x0, 0x0, 0x5, 0xff, 0xef, 0xf8, 0x0,
    0x0, 0x0, 0x8, 0xff, 0xff, 0xfd, 0x0, 0x0,
    0x0, 0xb, 0xff, 0xfa, 0xff, 0x80, 0x0, 0x0,
    0xe, 0xfe, 0x30, 0xdf, 0xf2, 0x0, 0x0, 0x1f,
    0xf7, 0x0, 0x4f, 0xfb, 0x0, 0x0, 0x4f, 0xf5,
    0x0, 0xa, 0xff, 0x40, 0x0, 0x7f, 0xf2, 0x0,
    0x1, 0xef, 0xd0, 0x0,

    /* U+004C "L" */
    0x0, 0x6f, 0xf3, 0x0, 0x0, 0x0, 0x9f, 0xf0,
    0x0, 0x0, 0x0, 0xcf, 0xd0, 0x0, 0x0, 0x0,
    0xff, 0xa0, 0x0, 0x0, 0x2, 0xff, 0x70, 0x0,
    0x0, 0x5, 0xff, 0x40, 0x0, 0x0, 0x8, 0xff,
    0x10, 0x0, 0x0, 0xb, 0xfe, 0x0, 0x0, 0x0,
    0xe, 0xfb, 0x0, 0x0, 0x0, 0x1f, 0xfa, 0x22,
    0x22, 0x20, 0x4f, 0xff, 0xff, 0xff, 0xf0, 0x7f,
    0xff, 0xff, 0xff, 0xc0,

    /* U+004D "M" */
    0x0, 0x6f, 0xf0, 0x0, 0x0, 0x0, 0x4f, 0xf3,
    0x0, 0x9f, 0xf6, 0x0, 0x0, 0x1, 0xef, 0xf0,
    0x0, 0xcf, 0xfc, 0x0, 0x0, 0xb, 0xff, 0xd0,
    0x0, 0xff, 0xff, 0x20, 0x0, 0x7f, 0xff, 0xa0,
    0x2, 0xff, 0xff, 0x80, 0x3, 0xff, 0xff, 0x70,
    0x5, 0xff, 0x9f, 0xe0, 0xd, 0xfa, 0xff, 0x40,
    0x8, 0xfe, 0x1f, 0xf4, 0xaf, 0xc5, 0xff, 0x10,
    0xb, 0xfb, 0xb, 0xfe, 0xff, 0x28, 0xfe, 0x0,
    0xe, 0xf8, 0x5, 0xff, 0xf5, 0xb, 0xfb, 0x0,
    0x1f, 0xf5, 0x0, 0xef, 0x90, 0xe, 0xf8, 0x0,
    0x4f, 0xf2, 0x0, 0x7a, 0x0, 0x1f, 0xf5, 0x0,
    0x7f, 0xf0, 0x0, 0x0, 0x0, 0x4f, 0xf2, 0x0,

    /* U+004E "N" */
    0x0, 0x6f, 0xf2, 0x0, 0x0, 0xaf, 0xd0, 0x9,
    0xff, 0xa0, 0x0, 0xd, 0xfb, 0x0, 0xcf, 0xff,
    0x30, 0x0, 0xff, 0x80, 0xf, 0xff, 0xfc, 0x0,
    0x3f, 0xf5, 0x2, 0xff, 0xef, 0xf5, 0x6, 0xff,
    0x20, 0x5f, 0xf4, 0xef, 0xd0, 0x9f, 0xf0, 0x8,
    0xff, 0x7, 0xff, 0x7c, 0xfc, 0x0, 0xbf, 0xd0,
    0xd, 0xfe, 0xff, 0x90, 0xe, 0xfa, 0x0, 0x5f,
    0xff, 0xf6, 0x1, 0xff, 0x70, 0x0, 0xcf, 0xff,
    0x30, 0x4f, 0xf4, 0x0, 0x3, 0xff, 0xf0, 0x7,
    0xff, 0x10, 0x0, 0xa, 0xfd, 0x0,

    /* U+004F "O" */
    0x0, 0x0, 0x4a, 0xef, 0xec, 0x60, 0x0, 0x0,
    0xa, 0xff, 0xff, 0xff, 0xfb, 0x0, 0x0, 0xaf,
    0xfd, 0x64, 0x6d, 0xff, 0x80, 0x5, 0xff, 0xa0,
    0x0, 0x0, 0xef, 0xf0, 0xc, 0xfe, 0x10, 0x0,
    0x0, 0x8f, 0xf2, 0xf, 0xf9, 0x0, 0x0, 0x0,
    0x7f, 0xf2, 0x2f, 0xf7, 0x0, 0x0, 0x0, 0x9f,
    0xf0, 0x2f, 0xf8, 0x0, 0x0, 0x1, 0xef, 0xc0,
    0xe, 0xfe, 0x10, 0x0, 0xa, 0xff, 0x50, 0x8,
    0xff, 0xd7, 0x56, 0xdf, 0xfa, 0x0, 0x0, 0xbf,
    0xff, 0xff, 0xff, 0xa0, 0x0, 0x0, 0x6, 0xce,
    0xfe, 0xa4, 0x0, 0x0,

    /* U+0050 "P" */
    0x0, 0x6f, 0xff, 0xff, 0xd8, 0x10, 0x0, 0x9f,
    0xff, 0xff, 0xff, 0xd0, 0x0, 0xcf, 0xd3, 0x34,
    0xcf, 0xf6, 0x0, 0xff, 0xa0, 0x0, 0x2f, 0xf9,
    0x2, 0xff, 0x70, 0x0, 0x1f, 0xf8, 0x5, 0xff,
    0x50, 0x0, 0x5f, 0xf5, 0x8, 0xff, 0x42, 0x36,
    0xef, 0xe0, 0xb, 0xff, 0xff, 0xff, 0xff, 0x30,
    0xe, 0xff, 0xff, 0xfd, 0x91, 0x0, 0x1f, 0xf9,
    0x0, 0x0, 0x0, 0x0, 0x4f, 0xf6, 0x0, 0x0,
    0x0, 0x0, 0x7f, 0xf2, 0x0, 0x0, 0x0, 0x0,

    /* U+0051 "Q" */
    0x0, 0x0, 0x4a, 0xef, 0xec, 0x60, 0x0, 0x0,
    0xb, 0xff, 0xff, 0xff, 0xfc, 0x0, 0x0, 0xbf,
    0xfc, 0x64, 0x6d, 0xff, 0x90, 0x6, 0xff, 0xa0,
    0x0, 0x0, 0xdf, 0xf0, 0xc, 0xfe, 0x0, 0x0,
    0x0, 0x8f, 0xf2, 0x1f, 0xf9, 0x0, 0x0, 0x0,
    0x7f, 0xf2, 0x2f, 0xf7, 0x0, 0x0, 0x0, 0xaf,
    0xf0, 0x1f, 0xf9, 0x0, 0x0, 0x2, 0xff, 0xa0,
    0xd, 0xff, 0x40, 0x0, 0x2d, 0xff, 0x20, 0x5,
    0xff, 0xfc, 0xac, 0xff, 0xf5, 0x0, 0x0, 0x6f,
    0xff, 0xff, 0xfd, 0x40, 0x0, 0x0, 0x1, 0x5e,
    0xff, 0x90, 0x37, 0x0, 0x0, 0x0, 0x3, 0xef,
    0xff, 0xff, 0x30, 0x0, 0x0, 0x0, 0x29, 0xef,
    0xd7, 0x0,

    /* U+0052 "R" */
    0x0, 0x6f, 0xff, 0xff, 0xd9, 0x10, 0x0, 0x9f,
    0xff, 0xff, 0xff, 0xd0, 0x0, 0xcf, 0xd3, 0x34,
    0xbf, 0xf6, 0x0, 0xff, 0xa0, 0x0, 0x1f, 0xf9,
    0x2, 0xff, 0x80, 0x0, 0xf, 0xf8, 0x5, 0xff,
    0x50, 0x0, 0x4f, 0xf6, 0x8, 0xff, 0x42, 0x26,
    0xef, 0xe0, 0xb, 0xff, 0xff, 0xff, 0xff, 0x40,
    0xe, 0xff, 0xff, 0xff, 0xc2, 0x0, 0x1f, 0xf9,
    0x0, 0xcf, 0xe0, 0x0, 0x4f, 0xf6, 0x0, 0x3f,
    0xf8, 0x0, 0x7f, 0xf2, 0x0, 0xa, 0xff, 0x20,

    /* U+0053 "S" */
    0x0, 0x0, 0x5b, 0xef, 0xec, 0x70, 0x0, 0xa,
    0xff, 0xff, 0xff, 0xf2, 0x0, 0x4f, 0xfb, 0x32,
    0x49, 0xa0, 0x0, 0x8f, 0xf0, 0x0, 0x0, 0x0,
    0x0, 0x8f, 0xfa, 0x30, 0x0, 0x0, 0x0, 0x2e,
    0xff, 0xfe, 0x81, 0x0, 0x0, 0x2, 0xaf, 0xff,
    0xfd, 0x10, 0x0, 0x0, 0x0, 0x5c, 0xff, 0x70,
    0x1, 0x10, 0x0, 0x2, 0xff, 0x70, 0x8, 0xf9,
    0x42, 0x4b, 0xff, 0x30, 0xe, 0xff, 0xff, 0xff,
    0xf8, 0x0, 0x1, 0x8c, 0xff, 0xeb, 0x40, 0x0,

    /* U+0054 "T" */
    0xaf, 0xff, 0xff, 0xff, 0xff, 0x1d, 0xff, 0xff,
    0xff, 0xff, 0xe0, 0x23, 0x39, 0xff, 0x43, 0x32,
    0x0, 0x0, 0xaf, 0xf0, 0x0, 0x0, 0x0, 0xd,
    0xfc, 0x0, 0x0, 0x0, 0x0, 0xff, 0x90, 0x0,
    0x0, 0x0, 0x3f, 0xf6, 0x0, 0x0, 0x0, 0x6,
    0xff, 0x30, 0x0, 0x0, 0x0, 0x9f, 0xf0, 0x0,
    0x0, 0x0, 0xc, 0xfd, 0x0, 0x0, 0x0, 0x0,
    0xff, 0xa0, 0x0, 0x0, 0x0, 0x2f, 0xf7, 0x0,
    0x0, 0x0,

    /* U+0055 "U" */
    0x0, 0x9f, 0xf0, 0x0, 0x0, 0xff, 0x80, 0xc,
    0xfc, 0x0, 0x0, 0x3f, 0xf5, 0x0, 0xff, 0x90,
    0x0, 0x6, 0xff, 0x20, 0x3f, 0xf6, 0x0, 0x0,
    0x9f, 0xe0, 0x6, 0xff, 0x30, 0x0, 0xc, 0xfb,
    0x0, 0x9f, 0xf0, 0x0, 0x0, 0xff, 0x80, 0xc,
    0xfd, 0x0, 0x0, 0x3f, 0xf5, 0x0, 0xdf, 0xc0,
    0x0, 0x7, 0xff, 0x20, 0xd, 0xfe, 0x0, 0x0,
    0xdf, 0xc0, 0x0, 0x9f, 0xfb, 0x56, 0xcf, 0xf5,
    0x0, 0x1, 0xef, 0xff, 0xff, 0xf8, 0x0, 0x0,
    0x1, 0x9e, 0xfe, 0xb4, 0x0, 0x0,

    /* U+0056 "V" */
    0xaf, 0xf0, 0x0, 0x0, 0x8, 0xff, 0x27, 0xff,
    0x30, 0x0, 0x2, 0xff, 0x90, 0x3f, 0xf6, 0x0,
    0x0, 0xbf, 0xe1, 0x0, 0xff, 0xa0, 0x0, 0x4f,
    0xf6, 0x0, 0xc, 0xfd, 0x0, 0xd, 0xfc, 0x0,
    0x0, 0x9f, 0xf1, 0x7, 0xff, 0x30, 0x0, 0x5,
    0xff, 0x41, 0xff, 0xa0, 0x0, 0x0, 0x2f, 0xf7,
    0xaf, 0xf1, 0x0, 0x0, 0x0, 0xef, 0xef, 0xf7,
    0x0, 0x0, 0x0, 0xb, 0xff, 0xfd, 0x0, 0x0,
    0x0, 0x0, 0x7f, 0xff, 0x40, 0x0, 0x0, 0x0,
    0x4, 0xff, 0xa0, 0x0, 0x0, 0x0,

    /* U+0057 "W" */
    0x5f, 0xf3, 0x0, 0x0, 0xdf, 0xd0, 0x0, 0x5,
    0xff, 0x43, 0xff, 0x50, 0x0, 0x6f, 0xfe, 0x0,
    0x0, 0xcf, 0xc0, 0x1f, 0xf7, 0x0, 0xd, 0xff,
    0xf0, 0x0, 0x4f, 0xf4, 0x0, 0xff, 0x90, 0x6,
    0xff, 0xff, 0x20, 0xc, 0xfc, 0x0, 0xe, 0xfb,
    0x0, 0xdf, 0xaf, 0xf4, 0x4, 0xff, 0x40, 0x0,
    0xcf, 0xc0, 0x6f, 0xf1, 0xff, 0x60, 0xcf, 0xc0,
    0x0, 0xa, 0xfe, 0xd, 0xf9, 0xd, 0xf7, 0x4f,
    0xf4, 0x0, 0x0, 0x8f, 0xf6, 0xff, 0x10, 0xbf,
    0x9c, 0xfc, 0x0, 0x0, 0x6, 0xff, 0xef, 0x90,
    0x9, 0xfe, 0xff, 0x50, 0x0, 0x0, 0x4f, 0xff,
    0xf1, 0x0, 0x7f, 0xff, 0xd0, 0x0, 0x0, 0x2,
    0xff, 0xf9, 0x0, 0x5, 0xff, 0xf5, 0x0, 0x0,
    0x0, 0xf, 0xff, 0x10, 0x0, 0x3f, 0xfd, 0x0,
    0x0, 0x0,

    /* U+0058 "X" */
    0x0, 0x1f, 0xfa, 0x0, 0x0, 0xcf, 0xe2, 0x0,
    0x9, 0xff, 0x20, 0xb, 0xff, 0x40, 0x0, 0x1,
    0xff, 0xa0, 0x8f, 0xf6, 0x0, 0x0, 0x0, 0x9f,
    0xf8, 0xff, 0x80, 0x0, 0x0, 0x0, 0x1f, 0xff,
    0xfa, 0x0, 0x0, 0x0, 0x0, 0x9, 0xff, 0xc0,
    0x0, 0x0, 0x0, 0x0, 0x2e, 0xff, 0xa0, 0x0,
    0x0, 0x0, 0x1, 0xdf, 0xff, 0xf3, 0x0, 0x0,
    0x0, 0xc, 0xff, 0x5f, 0xfb, 0x0, 0x0, 0x0,
    0xaf, 0xf6, 0x8, 0xff, 0x30, 0x0, 0x8, 0xff,
    0x80, 0x1, 0xff, 0xb0, 0x0, 0x5f, 0xfb, 0x0,
    0x0, 0x8f, 0xf3, 0x0,

    /* U+0059 "Y" */
    0x8f, 0xf1, 0x0, 0x0, 0x7f, 0xf3, 0x2f, 0xf7,
    0x0, 0x3, 0xff, 0x70, 0xc, 0xfd, 0x0, 0x1e,
    0xfb, 0x0, 0x6, 0xff, 0x30, 0xbf, 0xe1, 0x0,
    0x0, 0xff, 0x97, 0xff, 0x40, 0x0, 0x0, 0xaf,
    0xff, 0xf8, 0x0, 0x0, 0x0, 0x4f, 0xff, 0xc0,
    0x0, 0x0, 0x0, 0xe, 0xfe, 0x10, 0x0, 0x0,
    0x0, 0xf, 0xfa, 0x0, 0x0, 0x0, 0x0, 0x2f,
    0xf7, 0x0, 0x0, 0x0, 0x0, 0x5f, 0xf4, 0x0,
    0x0, 0x0, 0x0, 0x8f, 0xf1, 0x0, 0x0, 0x0,

    /* U+005A "Z" */
    0x0, 0xf, 0xff, 0xff, 0xff, 0xff, 0x70, 0x2,
    0xff, 0xff, 0xff, 0xff, 0xf4, 0x0, 0x3, 0x33,
    0x33, 0xcf, 0xf9, 0x0, 0x0, 0x0, 0x0, 0x9f,
    0xfa, 0x0, 0x0, 0x0, 0x0, 0x9f, 0xfa, 0x0,
    0x0, 0x0, 0x0, 0x8f, 0xfb, 0x0, 0x0, 0x0,
    0x0, 0x7f, 0xfc, 0x0, 0x0, 0x0, 0x0, 0x6f,
    0xfc, 0x10, 0x0, 0x0, 0x0, 0x5f, 0xfd, 0x10,
    0x0, 0x0, 0x0, 0x4f, 0xff, 0x42, 0x22, 0x22,
    0x0, 0xf, 0xff, 0xff, 0xff, 0xff, 0xd0, 0x2,
    0xff, 0xff, 0xff, 0xff, 0xf9, 0x0,

    /* U+005B "[" */
    0x0, 0x4, 0xff, 0xff, 0x0, 0x0, 0x7f, 0xff,
    0xd0, 0x0, 0xa, 0xfd, 0x0, 0x0, 0x0, 0xef,
    0xa0, 0x0, 0x0, 0x1f, 0xf7, 0x0, 0x0, 0x4,
    0xff, 0x30, 0x0, 0x0, 0x7f, 0xf0, 0x0, 0x0,
    0xa, 0xfd, 0x0, 0x0, 0x0, 0xef, 0xa0, 0x0,
    0x0, 0x1f, 0xf6, 0x0, 0x0, 0x4, 0xff, 0x30,
    0x0, 0x0, 0x7f, 0xf0, 0x0, 0x0, 0xa, 0xfd,
    0x0, 0x0, 0x0, 0xef, 0xff, 0x70, 0x0, 0x1f,
    0xff, 0xf4, 0x0, 0x0,

    /* U+005C "\\" */
    0x68, 0x20, 0xb, 0xf6, 0x0, 0x8f, 0x90, 0x6,
    0xfb, 0x0, 0x4f, 0xe0, 0x1, 0xff, 0x0, 0xf,
    0xf2, 0x0, 0xcf, 0x50, 0xa, 0xf7, 0x0, 0x8f,
    0xa0, 0x5, 0xfc, 0x0, 0x3f, 0xf0, 0x0, 0xff,
    0x10, 0xe, 0xf3, 0x0, 0xbf, 0x60, 0x9, 0xf8,

    /* U+005D "]" */
    0x0, 0x5, 0xff, 0xff, 0x0, 0x0, 0x8f, 0xff,
    0xc0, 0x0, 0x0, 0xe, 0xf9, 0x0, 0x0, 0x1,
    0xff, 0x60, 0x0, 0x0, 0x4f, 0xf3, 0x0, 0x0,
    0x8, 0xff, 0x0, 0x0, 0x0, 0xbf, 0xc0, 0x0,
    0x0, 0xe, 0xf9, 0x0, 0x0, 0x1, 0xff, 0x60,
    0x0, 0x0, 0x5f, 0xf3, 0x0, 0x0, 0x8, 0xff,
    0x0, 0x0, 0x0, 0xbf, 0xc0, 0x0, 0x0, 0xe,
    0xf9, 0x0, 0x0, 0xef, 0xff, 0x60, 0x0, 0x1f,
    0xff, 0xf3, 0x0, 0x0,

    /* U+005E "^" */
    0x0, 0x0, 0x7e, 0xb0, 0x0, 0x0, 0x2f, 0xff,
    0x0, 0x0, 0xb, 0xfb, 0xf4, 0x0, 0x5, 0xf9,
    0x4f, 0x70, 0x0, 0xee, 0x11, 0xfb, 0x0, 0x9f,
    0x60, 0xd, 0xe0, 0x3f, 0xd0, 0x0, 0xaf, 0x20,

    /* U+005F "_" */
    0x2, 0x22, 0x22, 0x22, 0x20, 0xf, 0xff, 0xff,
    0xff, 0xf0, 0x5, 0x55, 0x55, 0x55, 0x40,

    /* U+0060 "`" */
    0x5, 0x64, 0x0, 0x3, 0xff, 0x40, 0x0, 0x3e,
    0xe1,

    /* U+0061 "a" */
    0x0, 0x2a, 0xef, 0xc4, 0xdf, 0xa0, 0x3e, 0xff,
    0xff, 0xff, 0xf7, 0xd, 0xfe, 0x52, 0x6f, 0xff,
    0x44, 0xff, 0x50, 0x0, 0x9f, 0xf1, 0x7f, 0xf0,
    0x0, 0x9, 0xfe, 0x7, 0xff, 0x10, 0x0, 0xdf,
    0xb0, 0x4f, 0xfb, 0x33, 0xbf, 0xf8, 0x0, 0xcf,
    0xff, 0xff, 0xff, 0x50, 0x0, 0x9e, 0xfb, 0x7f,
    0xf2, 0x0,

    /* U+0062 "b" */
    0x0, 0x6f, 0xf1, 0x0, 0x0, 0x0, 0xa, 0xfd,
    0x0, 0x0, 0x0, 0x0, 0xdf, 0xa0, 0x0, 0x0,
    0x0, 0xf, 0xfa, 0xbe, 0xe9, 0x10, 0x3, 0xff,
    0xff, 0xff, 0xfc, 0x0, 0x6f, 0xfb, 0x33, 0xaf,
    0xf5, 0x9, 0xfe, 0x0, 0x0, 0xff, 0x80, 0xdf,
    0x90, 0x0, 0xf, 0xf8, 0xf, 0xfa, 0x0, 0x5,
    0xff, 0x53, 0xff, 0xf6, 0x25, 0xef, 0xe0, 0x6f,
    0xff, 0xff, 0xff, 0xf3, 0x9, 0xfc, 0x3c, 0xfe,
    0xa2, 0x0,

    /* U+0063 "c" */
    0x0, 0x18, 0xdf, 0xea, 0x20, 0x2, 0xef, 0xff,
    0xff, 0xe2, 0xd, 0xff, 0x62, 0x5f, 0xc3, 0x4f,
    0xf5, 0x0, 0x1, 0x0, 0x7f, 0xf0, 0x0, 0x0,
    0x0, 0x7f, 0xf1, 0x0, 0x1, 0x0, 0x4f, 0xfb,
    0x33, 0xae, 0x60, 0xb, 0xff, 0xff, 0xff, 0x60,
    0x0, 0x7d, 0xfe, 0xb4, 0x0,

    /* U+0064 "d" */
    0x0, 0x0, 0x0, 0x0, 0x2f, 0xf5, 0x0, 0x0,
    0x0, 0x0, 0x6f, 0xf2, 0x0, 0x0, 0x0, 0x0,
    0x9f, 0xe0, 0x0, 0x29, 0xef, 0xc4, 0xcf, 0xb0,
    0x2, 0xef, 0xff, 0xff, 0xff, 0x80, 0xd, 0xff,
    0x62, 0x5f, 0xff, 0x50, 0x3f, 0xf6, 0x0, 0x9,
    0xff, 0x20, 0x6f, 0xf1, 0x0, 0x8, 0xff, 0x0,
    0x7f, 0xf2, 0x0, 0xd, 0xfb, 0x0, 0x4f, 0xfb,
    0x33, 0xaf, 0xf8, 0x0, 0xb, 0xff, 0xff, 0xff,
    0xf5, 0x0, 0x0, 0x9e, 0xfc, 0x7f, 0xf2, 0x0,

    /* U+0065 "e" */
    0x0, 0x19, 0xdf, 0xe9, 0x10, 0x2, 0xef, 0xff,
    0xff, 0xd0, 0xd, 0xfc, 0x10, 0x3e, 0xf6, 0x4f,
    0xf9, 0x88, 0x8d, 0xf9, 0x7f, 0xff, 0xff, 0xff,
    0xf9, 0x7f, 0xf0, 0x0, 0x0, 0x0, 0x4f, 0xfa,
    0x21, 0x59, 0x0, 0xb, 0xff, 0xff, 0xff, 0x40,
    0x0, 0x7d, 0xff, 0xc6, 0x0,

    /* U+0066 "f" */
    0x0, 0x3, 0xbe, 0xfb, 0x0, 0x2, 0xff, 0xff,
    0x80, 0x0, 0x8f, 0xe3, 0x10, 0x2, 0xff, 0xff,
    0xfc, 0x0, 0x5f, 0xff, 0xff, 0x90, 0x0, 0x3f,
    0xf4, 0x0, 0x0, 0x6, 0xff, 0x10, 0x0, 0x0,
    0x8f, 0xf0, 0x0, 0x0, 0xb, 0xfc, 0x0, 0x0,
    0x0, 0xef, 0x90, 0x0, 0x0, 0x1f, 0xf6, 0x0,
    0x0, 0x4, 0xff, 0x30, 0x0, 0x0,

    /* U+0067 "g" */
    0x0, 0x2, 0xae, 0xfc, 0x49, 0xfc, 0x0, 0x4f,
    0xff, 0xff, 0xfe, 0xf9, 0x0, 0xef, 0xe5, 0x25,
    0xef, 0xf6, 0x4, 0xff, 0x40, 0x0, 0x8f, 0xf3,
    0x6, 0xff, 0x10, 0x0, 0xbf, 0xf0, 0x5, 0xff,
    0x91, 0x17, 0xff, 0xd0, 0x0, 0xdf, 0xff, 0xff,
    0xff, 0x90, 0x0, 0x1b, 0xff, 0xe8, 0xff, 0x60,
    0x0, 0x0, 0x1, 0x7, 0xff, 0x20, 0x5, 0xc5,
    0x22, 0x6f, 0xfa, 0x0, 0xd, 0xff, 0xff, 0xff,
    0xd1, 0x0, 0x3, 0xad, 0xff, 0xd8, 0x0, 0x0,

    /* U+0068 "h" */
    0x0, 0x6f, 0xf1, 0x0, 0x0, 0x0, 0xa, 0xfd,
    0x0, 0x0, 0x0, 0x0, 0xdf, 0xa0, 0x0, 0x0,
    0x0, 0xf, 0xfa, 0xbe, 0xfa, 0x10, 0x3, 0xff,
    0xff, 0xff, 0xfc, 0x0, 0x6f, 0xfd, 0x54, 0xdf,
    0xf1, 0x9, 0xff, 0x10, 0x7, 0xff, 0x10, 0xdf,
    0xa0, 0x0, 0x8f, 0xf0, 0xf, 0xf7, 0x0, 0xb,
    0xfc, 0x3, 0xff, 0x40, 0x0, 0xef, 0x90, 0x6f,
    0xf1, 0x0, 0x1f, 0xf6, 0x9, 0xfe, 0x0, 0x4,
    0xff, 0x30,

    /* U+0069 "i" */
    0x0, 0x6, 0x50, 0x0, 0xaf, 0xf4, 0x0, 0xaf,
    0xf2, 0x0, 0x4, 0x20, 0x1, 0xff, 0x60, 0x4,
    0xff, 0x30, 0x7, 0xff, 0x0, 0xa, 0xfd, 0x0,
    0xd, 0xfa, 0x0, 0xf, 0xf7, 0x0, 0x3f, 0xf4,
    0x0, 0x6f, 0xf1, 0x0, 0x9f, 0xe0, 0x0,

    /* U+006A "j" */
    0x0, 0x0, 0x0, 0x65, 0x0, 0x0, 0x0, 0x8f,
    0xf5, 0x0, 0x0, 0x8, 0xff, 0x30, 0x0, 0x0,
    0x4, 0x20, 0x0, 0x0, 0xf, 0xf8, 0x0, 0x0,
    0x3, 0xff, 0x40, 0x0, 0x0, 0x6f, 0xf1, 0x0,
    0x0, 0x9, 0xfe, 0x0, 0x0, 0x0, 0xcf, 0xb0,
    0x0, 0x0, 0xf, 0xf8, 0x0, 0x0, 0x2, 0xff,
    0x50, 0x0, 0x0, 0x6f, 0xf1, 0x0, 0x0, 0x9,
    0xfe, 0x0, 0x0, 0x22, 0xef, 0x90, 0x0, 0x5f,
    0xff, 0xf2, 0x0, 0x8, 0xef, 0xc3, 0x0, 0x0,

    /* U+006B "k" */
    0x0, 0x6f, 0xf1, 0x0, 0x0, 0x0, 0x0, 0xaf,
    0xd0, 0x0, 0x0, 0x0, 0x0, 0xdf, 0xa0, 0x0,
    0x0, 0x0, 0x0, 0xff, 0x70, 0x9, 0xff, 0x90,
    0x3, 0xff, 0x40, 0xbf, 0xf8, 0x0, 0x6, 0xff,
    0x2d, 0xff, 0x50, 0x0, 0x9, 0xff, 0xef, 0xf4,
    0x0, 0x0, 0xd, 0xff, 0xff, 0xf1, 0x0, 0x0,
    0xf, 0xff, 0xcf, 0xfa, 0x0, 0x0, 0x3f, 0xf9,
    0xa, 0xff, 0x30, 0x0, 0x6f, 0xf1, 0x2, 0xff,
    0xc0, 0x0, 0x9f, 0xe0, 0x0, 0x8f, 0xf6, 0x0,

    /* U+006C "l" */
    0x0, 0x6f, 0xf1, 0x0, 0xaf, 0xd0, 0x0, 0xdf,
    0xa0, 0x0, 0xff, 0x70, 0x3, 0xff, 0x40, 0x6,
    0xff, 0x10, 0x9, 0xfe, 0x0, 0xd, 0xfa, 0x0,
    0xf, 0xf7, 0x0, 0x3f, 0xf4, 0x0, 0x6f, 0xf1,
    0x0, 0x9f, 0xe0, 0x0,

    /* U+006D "m" */
    0x1, 0xff, 0x7b, 0xfe, 0x90, 0x5c, 0xfe, 0x80,
    0x0, 0x4f, 0xff, 0xff, 0xff, 0xcf, 0xff, 0xff,
    0x80, 0x7, 0xff, 0xc4, 0x6f, 0xff, 0xc4, 0x5f,
    0xfd, 0x0, 0xaf, 0xf1, 0x0, 0xbf, 0xf1, 0x0,
    0xbf, 0xd0, 0xd, 0xfa, 0x0, 0xd, 0xfb, 0x0,
    0xc, 0xfb, 0x0, 0xff, 0x70, 0x0, 0xff, 0x70,
    0x0, 0xff, 0x80, 0x3f, 0xf4, 0x0, 0x3f, 0xf4,
    0x0, 0x2f, 0xf5, 0x6, 0xff, 0x10, 0x6, 0xff,
    0x10, 0x5, 0xff, 0x10, 0x9f, 0xe0, 0x0, 0x9f,
    0xe0, 0x0, 0x8f, 0xe0, 0x0,

    /* U+006E "n" */
    0x1, 0xff, 0x7b, 0xff, 0xb1, 0x0, 0x4f, 0xff,
    0xff, 0xff, 0xc0, 0x7, 0xff, 0xd5, 0x4d, 0xff,
    0x10, 0xaf, 0xf1, 0x0, 0x7f, 0xf1, 0xd, 0xfa,
    0x0, 0x8, 0xff, 0x0, 0xff, 0x70, 0x0, 0xbf,
    0xc0, 0x3f, 0xf4, 0x0, 0xe, 0xf9, 0x6, 0xff,
    0x10, 0x1, 0xff, 0x60, 0x9f, 0xe0, 0x0, 0x4f,
    0xf3, 0x0,

    /* U+006F "o" */
    0x0, 0x18, 0xdf, 0xea, 0x20, 0x2, 0xef, 0xff,
    0xff, 0xf3, 0xd, 0xfe, 0x52, 0x5f, 0xfb, 0x4f,
    0xf5, 0x0, 0xa, 0xff, 0x7f, 0xf0, 0x0, 0x9,
    0xfe, 0x7f, 0xf1, 0x0, 0xd, 0xfb, 0x4f, 0xfb,
    0x23, 0xbf, 0xf4, 0xb, 0xff, 0xff, 0xff, 0x80,
    0x0, 0x7d, 0xfe, 0xb4, 0x0,

    /* U+0070 "p" */
    0x0, 0x1f, 0xf8, 0xcf, 0xe9, 0x10, 0x0, 0x4f,
    0xff, 0xff, 0xff, 0xc0, 0x0, 0x7f, 0xf9, 0x11,
    0x9f, 0xf5, 0x0, 0xaf, 0xd0, 0x0, 0xf, 0xf8,
    0x0, 0xdf, 0x90, 0x0, 0xf, 0xf8, 0x0, 0xff,
    0xa0, 0x0, 0x5f, 0xf5, 0x3, 0xff, 0xf6, 0x25,
    0xef, 0xe0, 0x7, 0xff, 0xff, 0xff, 0xff, 0x30,
    0xa, 0xfd, 0x3c, 0xfe, 0xa2, 0x0, 0xd, 0xfa,
    0x0, 0x0, 0x0, 0x0, 0xf, 0xf7, 0x0, 0x0,
    0x0, 0x0, 0x3f, 0xf4, 0x0, 0x0, 0x0, 0x0,

    /* U+0071 "q" */
    0x0, 0x2a, 0xef, 0xc4, 0xbf, 0xa0, 0x3e, 0xff,
    0xff, 0xfe, 0xf7, 0xd, 0xfe, 0x52, 0x6f, 0xff,
    0x44, 0xff, 0x50, 0x0, 0x9f, 0xf1, 0x7f, 0xf0,
    0x0, 0x9, 0xfe, 0x7, 0xff, 0x10, 0x0, 0xdf,
    0xa0, 0x4f, 0xfb, 0x33, 0xbf, 0xf7, 0x0, 0xcf,
    0xff, 0xff, 0xff, 0x40, 0x0, 0x9e, 0xfb, 0x9f,
    0xf1, 0x0, 0x0, 0x0, 0x9, 0xfe, 0x0, 0x0,
    0x0, 0x0, 0xcf, 0xb0, 0x0, 0x0, 0x0, 0xf,
    0xf8, 0x0,

    /* U+0072 "r" */
    0x1, 0xff, 0x7b, 0xe4, 0x4, 0xff, 0xff, 0xf1,
    0x7, 0xff, 0xd6, 0x30, 0xa, 0xff, 0x10, 0x0,
    0xd, 0xfa, 0x0, 0x0, 0xf, 0xf7, 0x0, 0x0,
    0x3f, 0xf4, 0x0, 0x0, 0x6f, 0xf1, 0x0, 0x0,
    0x9f, 0xe0, 0x0, 0x0,

    /* U+0073 "s" */
    0x0, 0x6, 0xcf, 0xfd, 0x91, 0x0, 0xaf, 0xff,
    0xff, 0xe0, 0x1, 0xff, 0x70, 0x3, 0x40, 0x1,
    0xff, 0xc6, 0x30, 0x0, 0x0, 0x8f, 0xff, 0xfd,
    0x20, 0x0, 0x1, 0x59, 0xff, 0xb0, 0x5, 0x61,
    0x0, 0xcf, 0xb0, 0xe, 0xff, 0xff, 0xff, 0x40,
    0x7, 0xce, 0xfe, 0xa3, 0x0,

    /* U+0074 "t" */
    0x0, 0x6f, 0xf1, 0x0, 0x9, 0xfe, 0x0, 0x2f,
    0xff, 0xff, 0xd4, 0xff, 0xff, 0xfa, 0x2, 0xff,
    0x50, 0x0, 0x5f, 0xf2, 0x0, 0x8, 0xff, 0x0,
    0x0, 0xbf, 0xc0, 0x0, 0xd, 0xfc, 0x12, 0x0,
    0xaf, 0xff, 0xc0, 0x1, 0xbf, 0xe9, 0x0,

    /* U+0075 "u" */
    0x2, 0xff, 0x50, 0x0, 0xef, 0x90, 0x5f, 0xf2,
    0x0, 0x1f, 0xf6, 0x8, 0xff, 0x0, 0x4, 0xff,
    0x30, 0xbf, 0xc0, 0x0, 0x7f, 0xf0, 0xe, 0xf9,
    0x0, 0xb, 0xfd, 0x0, 0xff, 0x80, 0x1, 0xff,
    0xa0, 0xf, 0xfd, 0x45, 0xdf, 0xf7, 0x0, 0xbf,
    0xff, 0xff, 0xff, 0x40, 0x1, 0xaf, 0xeb, 0x7f,
    0xf1, 0x0,

    /* U+0076 "v" */
    0x2f, 0xf4, 0x0, 0x3, 0xff, 0x40, 0xff, 0x80,
    0x0, 0xcf, 0xa0, 0xb, 0xfb, 0x0, 0x6f, 0xf1,
    0x0, 0x8f, 0xe0, 0x1e, 0xf7, 0x0, 0x5, 0xff,
    0x19, 0xfd, 0x0, 0x0, 0x1f, 0xf8, 0xff, 0x40,
    0x0, 0x0, 0xef, 0xff, 0xb0, 0x0, 0x0, 0xa,
    0xff, 0xf2, 0x0, 0x0, 0x0, 0x7f, 0xf8, 0x0,
    0x0, 0x0,

    /* U+0077 "w" */
    0x1f, 0xf2, 0x0, 0xe, 0xf8, 0x0, 0xa, 0xfa,
    0xe, 0xf5, 0x0, 0x8f, 0xfa, 0x0, 0x3f, 0xf2,
    0xb, 0xf7, 0x1, 0xff, 0xfd, 0x0, 0xbf, 0xa0,
    0x9, 0xfa, 0x9, 0xfe, 0xff, 0x3, 0xff, 0x20,
    0x6, 0xfc, 0x2f, 0xf3, 0xff, 0x2c, 0xf9, 0x0,
    0x3, 0xff, 0xaf, 0xa0, 0xef, 0x9f, 0xf1, 0x0,
    0x1, 0xff, 0xff, 0x20, 0xbf, 0xff, 0x80, 0x0,
    0x0, 0xef, 0xf9, 0x0, 0x8f, 0xfe, 0x10, 0x0,
    0x0, 0xbf, 0xf1, 0x0, 0x5f, 0xf7, 0x0, 0x0,

    /* U+0078 "x" */
    0x0, 0x9f, 0xf1, 0x1, 0xdf, 0xc0, 0x0, 0x1f,
    0xf8, 0xc, 0xfd, 0x10, 0x0, 0x8, 0xff, 0xbf,
    0xd1, 0x0, 0x0, 0x0, 0xef, 0xfe, 0x20, 0x0,
    0x0, 0x0, 0xbf, 0xf4, 0x0, 0x0, 0x0, 0x9,
    0xff, 0xfa, 0x0, 0x0, 0x0, 0x8f, 0xf9, 0xff,
    0x30, 0x0, 0x7, 0xff, 0x50, 0xdf, 0xb0, 0x0,
    0x6f, 0xf7, 0x0, 0x5f, 0xf4, 0x0,

    /* U+0079 "y" */
    0x0, 0x2f, 0xf5, 0x0, 0x3, 0xff, 0x40, 0x0,
    0xef, 0x80, 0x0, 0xcf, 0xa0, 0x0, 0xb, 0xfc,
    0x0, 0x6f, 0xe1, 0x0, 0x0, 0x7f, 0xf0, 0x1e,
    0xf6, 0x0, 0x0, 0x3, 0xff, 0x3a, 0xfc, 0x0,
    0x0, 0x0, 0xf, 0xfa, 0xff, 0x30, 0x0, 0x0,
    0x0, 0xcf, 0xff, 0x80, 0x0, 0x0, 0x0, 0x8,
    0xff, 0xe0, 0x0, 0x0, 0x0, 0x0, 0x5f, 0xf5,
    0x0, 0x0, 0x0, 0x43, 0x3d, 0xfb, 0x0, 0x0,
    0x0, 0x1e, 0xff, 0xfe, 0x10, 0x0, 0x0, 0x2,
    0xbe, 0xea, 0x10, 0x0, 0x0, 0x0,

    /* U+007A "z" */
    0x0, 0x8f, 0xff, 0xff, 0xfd, 0x0, 0xbf, 0xff,
    0xff, 0xf9, 0x0, 0x0, 0x3, 0xff, 0xb0, 0x0,
    0x0, 0x3f, 0xfb, 0x0, 0x0, 0x3, 0xff, 0xc0,
    0x0, 0x0, 0x3e, 0xfc, 0x0, 0x0, 0x2, 0xef,
    0xc0, 0x0, 0x0, 0xe, 0xff, 0xff, 0xff, 0xa0,
    0x3f, 0xff, 0xff, 0xff, 0x70,

    /* U+007B "{" */
    0x0, 0x0, 0x8d, 0xf6, 0x0, 0x8, 0xff, 0xf3,
    0x0, 0xe, 0xfb, 0x10, 0x0, 0x2f, 0xf5, 0x0,
    0x0, 0x6f, 0xf2, 0x0, 0x0, 0xbf, 0xe0, 0x0,
    0xf, 0xff, 0x60, 0x0, 0x3f, 0xfe, 0x10, 0x0,
    0x5, 0xff, 0x30, 0x0, 0x6, 0xff, 0x10, 0x0,
    0x9, 0xfe, 0x0, 0x0, 0xb, 0xfc, 0x0, 0x0,
    0xd, 0xfd, 0x10, 0x0, 0xb, 0xff, 0xd0, 0x0,
    0x2, 0xcf, 0xa0, 0x0,

    /* U+007C "|" */
    0x0, 0x4, 0xff, 0x0, 0x0, 0x7f, 0xd0, 0x0,
    0xa, 0xf9, 0x0, 0x0, 0xdf, 0x60, 0x0, 0xf,
    0xf3, 0x0, 0x4, 0xff, 0x0, 0x0, 0x7f, 0xd0,
    0x0, 0xa, 0xf9, 0x0, 0x0, 0xdf, 0x60, 0x0,
    0xf, 0xf3, 0x0, 0x3, 0xff, 0x0, 0x0, 0x7f,
    0xd0, 0x0, 0xa, 0xf9, 0x0, 0x0, 0xdf, 0x60,
    0x0, 0xf, 0xf3, 0x0, 0x0,

    /* U+007D "}" */
    0x0, 0x5, 0xfd, 0x60, 0x0, 0x8, 0xff, 0xf1,
    0x0, 0x0, 0x9f, 0xf1, 0x0, 0x0, 0x8f, 0xe0,
    0x0, 0x0, 0xbf, 0xb0, 0x0, 0x0, 0xff, 0xa0,
    0x0, 0x0, 0xbf, 0xf8, 0x0, 0x2, 0xef, 0xf5,
    0x0, 0x8, 0xff, 0x10, 0x0, 0xc, 0xfb, 0x0,
    0x0, 0xe, 0xf8, 0x0, 0x0, 0x2f, 0xf5, 0x0,
    0x0, 0x8f, 0xf1, 0x0, 0xf, 0xff, 0xa0, 0x0,
    0x2f, 0xe9, 0x10, 0x0,

    /* U+007E "~" */
    0x1, 0xbf, 0xc4, 0x7, 0xf3, 0xb, 0xfe, 0xff,
    0xef, 0xd0, 0x1f, 0x90, 0x4c, 0xfc, 0x20,

    /* U+00A0 " " */

    /* U+00A1 "¡" */
    0x0, 0x3e, 0xd2, 0x0, 0x9f, 0xf6, 0x0, 0x4e,
    0xc1, 0x0, 0x0, 0x0, 0x0, 0xbf, 0x40, 0x0,
    0xff, 0x30, 0x4, 0xff, 0x10, 0x8, 0xff, 0x0,
    0xc, 0xfd, 0x0, 0xf, 0xfb, 0x0, 0x4f, 0xf9,
    0x0, 0x36, 0x62, 0x0,

    /* U+00A2 "¢" */
    0x0, 0x0, 0x8, 0xf1, 0x0, 0x0, 0x0, 0xb,
    0xe0, 0x0, 0x0, 0x2a, 0xef, 0xfb, 0x30, 0x3,
    0xef, 0xff, 0xff, 0xf2, 0xd, 0xfe, 0x9f, 0x8e,
    0xb2, 0x4f, 0xf5, 0x7f, 0x21, 0x0, 0x7f, 0xf0,
    0xae, 0x0, 0x0, 0x7f, 0xf1, 0xdb, 0x1, 0x0,
    0x4f, 0xfb, 0xfa, 0xae, 0x50, 0xa, 0xff, 0xff,
    0xff, 0x70, 0x0, 0x7e, 0xff, 0xc4, 0x0, 0x0,
    0xa, 0xf0, 0x0, 0x0, 0x0, 0xc, 0xc0, 0x0,
    0x0,

    /* U+00A3 "£" */
    0x0, 0x0, 0x0, 0x4b, 0xef, 0xeb, 0x30, 0x0,
    0x0, 0x9f, 0xff, 0xff, 0xf5, 0x0, 0x0, 0x7f,
    0xfb, 0x54, 0x7a, 0x0, 0x0, 0xf, 0xfb, 0x0,
    0x0, 0x0, 0x0, 0x4, 0xff, 0x50, 0x0, 0x0,
    0x0, 0x19, 0xcf, 0xfa, 0x99, 0x80, 0x0, 0x5,
    0xff, 0xff, 0xff, 0xfb, 0x0, 0x0, 0x0, 0xef,
    0xb0, 0x0, 0x0, 0x0, 0x0, 0x1f, 0xf8, 0x0,
    0x0, 0x0, 0x0, 0x26, 0xff, 0x62, 0x22, 0x21,
    0x0, 0x1f, 0xff, 0xff, 0xff, 0xff, 0x90, 0x4,
    0xff, 0xff, 0xff, 0xff, 0xf6, 0x0,

    /* U+00A4 "¤" */
    0x0, 0x0, 0x0, 0x0, 0x0, 0x0, 0x87, 0x0,
    0x0, 0x1, 0xc2, 0x3f, 0xf9, 0xcf, 0xe9, 0xdf,
    0xb0, 0x7f, 0xff, 0xff, 0xff, 0xd1, 0x0, 0xff,
    0x91, 0x3e, 0xf8, 0x0, 0x5f, 0xb0, 0x0, 0x3f,
    0xd0, 0x6, 0xf8, 0x0, 0x0, 0xfe, 0x0, 0x5f,
    0xb0, 0x0, 0x3f, 0xd0, 0x0, 0xff, 0x81, 0x3e,
    0xf8, 0x0, 0x5f, 0xff, 0xff, 0xff, 0xc0, 0x3f,
    0xfa, 0xcf, 0xe9, 0xef, 0xa0, 0xa9, 0x0, 0x0,
    0x2, 0xd3, 0x0, 0x0, 0x0, 0x0, 0x0, 0x0,

    /* U+00A5 "¥" */
    0x9f, 0xf1, 0x0, 0x0, 0xb, 0xfe, 0x12, 0xff,
    0x70, 0x0, 0x7, 0xff, 0x30, 0xb, 0xfe, 0x0,
    0x4, 0xff, 0x60, 0x0, 0x4f, 0xf5, 0x2, 0xef,
    0x90, 0x0, 0x0, 0xdf, 0xc0, 0xdf, 0xc0, 0x0,
    0x0, 0x6, 0xff, 0xcf, 0xe1, 0x0, 0x0, 0x1,
    0x1e, 0xff, 0xf5, 0x10, 0x0, 0x6, 0xff, 0xff,
    0xff, 0xff, 0x30, 0x0, 0x35, 0x5c, 0xff, 0x55,
    0x50, 0x0, 0xd, 0xff, 0xff, 0xff, 0xfc, 0x0,
    0x0, 0x44, 0x5f, 0xfa, 0x44, 0x20, 0x0, 0x0,
    0x2, 0xff, 0x60, 0x0, 0x0, 0x0,

    /* U+00A6 "¦" */
    0x0, 0x4, 0xff, 0x0, 0x0, 0x7f, 0xd0, 0x0,
    0xa, 0xfa, 0x0, 0x0, 0xdf, 0x70, 0x0, 0xf,
    0xf3, 0x0, 0x2, 0xcc, 0x0, 0x0, 0x0, 0x0,
    0x0, 0x0, 0x0, 0x0, 0x0, 0x0, 0x0, 0x0,
    0x1c, 0xc2, 0x0, 0x4, 0xff, 0x0, 0x0, 0x7f,
    0xc0, 0x0, 0xa, 0xf9, 0x0, 0x0, 0xdf, 0x60,
    0x0, 0xf, 0xf3, 0x0, 0x0,

    /* U+00A7 "§" */
    0x0, 0x0, 0x7d, 0xff, 0xd8, 0x0, 0x0, 0xcf,
    0xfe, 0xff, 0xd0, 0x0, 0x4f, 0xf2, 0x0, 0x33,
    0x0, 0x6, 0xff, 0x40, 0x0, 0x0, 0x0, 0x2f,
    0xff, 0xe9, 0x0, 0x0, 0xc, 0xfd, 0xef, 0xfb,
    0x0, 0x5, 0xfd, 0x0, 0x6f, 0xf0, 0x0, 0x7f,
    0xe5, 0x6, 0xfd, 0x0, 0x2, 0xff, 0xff, 0xff,
    0x40, 0x0, 0x2, 0x9e, 0xff, 0xb0, 0x0, 0x0,
    0x0, 0x8, 0xfe, 0x0, 0x0, 0xa4, 0x11, 0x9f,
    0xc0, 0x0, 0x6f, 0xff, 0xff, 0xf4, 0x0, 0x0,
    0x7b, 0xdc, 0x92, 0x0, 0x0,

    /* U+00A8 "¨" */
    0x3, 0x0, 0x21, 0x7f, 0x83, 0xfc, 0x6f, 0x53,
    0xe8,

    /* U+00A9 "©" */
    0x0, 0x1, 0x8d, 0xed, 0x91, 0x0, 0x0, 0x3,
    0xea, 0x42, 0x49, 0xf4, 0x0, 0x1, 0xe6, 0x0,
    0x0, 0x4, 0xf2, 0x0, 0x8a, 0x4, 0xcf, 0xe7,
    0x8, 0xa0, 0xe, 0x32, 0xff, 0xbe, 0xf3, 0x2f,
    0x1, 0xf0, 0x9f, 0x60, 0x12, 0x0, 0xf1, 0x1f,
    0xa, 0xf3, 0x0, 0x0, 0xf, 0x20, 0xf2, 0x7f,
    0xa0, 0x47, 0x1, 0xf0, 0xa, 0x80, 0xdf, 0xff,
    0xf2, 0x8b, 0x0, 0x2f, 0x40, 0x7a, 0x82, 0x3f,
    0x30, 0x0, 0x5f, 0x71, 0x1, 0x7f, 0x60, 0x0,
    0x0, 0x3b, 0xff, 0xfb, 0x30, 0x0, 0x0, 0x0,
    0x0, 0x10, 0x0, 0x0, 0x0,

    /* U+00AA "ª" */
    0x8, 0xdf, 0xd4, 0x0, 0x65, 0x5f, 0xd0, 0x2b,
    0xef, 0xfc, 0xb, 0xf1, 0x4f, 0x90, 0x7f, 0xfd,
    0xf6, 0x0, 0x11, 0x2, 0x0,

    /* U+00AB "«" */
    0x0, 0x5, 0x74, 0x7, 0x71, 0x0, 0x6f, 0xd1,
    0xbf, 0x80, 0x4, 0xfe, 0x2a, 0xfa, 0x0, 0x2f,
    0xf3, 0x8f, 0xc0, 0x0, 0x1f, 0xf3, 0x7f, 0xd0,
    0x0, 0x8, 0xfb, 0xe, 0xf4, 0x0, 0x1, 0xff,
    0x26, 0xfc, 0x0,

    /* U+00AC "¬" */
    0xaf, 0xff, 0xff, 0xff, 0xd, 0xff, 0xff, 0xff,
    0xc0, 0x0, 0x0, 0x7, 0xf9, 0x0, 0x0, 0x0,
    0xaf, 0x60, 0x0, 0x0, 0xd, 0xf3, 0x0,

    /* U+00AE "®" */
    0x0, 0x1, 0x8d, 0xed, 0x91, 0x0, 0x0, 0x3,
    0xea, 0x42, 0x49, 0xf4, 0x0, 0x1, 0xe6, 0x0,
    0x0, 0x4, 0xf2, 0x0, 0x8a, 0xe, 0xff, 0xe9,
    0x8, 0xa0, 0xe, 0x30, 0xec, 0x38, 0xf5, 0x2f,
    0x1, 0xf0, 0xe, 0xb0, 0x6f, 0x60, 0xf1, 0x1f,
    0x0, 0xef, 0xff, 0xc1, 0xf, 0x20, 0xf2, 0xe,
    0xc4, 0xea, 0x1, 0xf0, 0xa, 0x80, 0xec, 0x7,
    0xf3, 0x8b, 0x0, 0x2f, 0x44, 0x30, 0x4, 0x6f,
    0x30, 0x0, 0x5f, 0x71, 0x1, 0x7f, 0x60, 0x0,
    0x0, 0x3b, 0xff, 0xfb, 0x30, 0x0, 0x0, 0x0,
    0x0, 0x10, 0x0, 0x0, 0x0,

    /* U+00AF "¯" */
    0x2, 0x22, 0x22, 0x17, 0xff, 0xff, 0xf6, 0x25,
    0x55, 0x55, 0x10,

    /* U+00B0 "°" */
    0x0, 0x0, 0x0, 0x0, 0x7e, 0xfb, 0x10, 0x5f,
    0x74, 0xdb, 0x9, 0xc0, 0x5, 0xf0, 0x6f, 0x41,
    0xbc, 0x0, 0xaf, 0xfd, 0x20, 0x0, 0x12, 0x0,
    0x0,

    /* U+00B1 "±" */
    0x0, 0x0, 0x1f, 0xf0, 0x0, 0x0, 0x0, 0x4f,
    0xc0, 0x0, 0x0, 0x0, 0x7f, 0x90, 0x0, 0x6,
    0xff, 0xff, 0xff, 0xf3, 0x9, 0xff, 0xff, 0xff,
    0xe0, 0x0, 0x0, 0xff, 0x0, 0x0, 0x0, 0x3,
    0xfd, 0x0, 0x0, 0x0, 0x3, 0x96, 0x0, 0x0,
    0x0, 0x0, 0x0, 0x0, 0x0, 0x9f, 0xff, 0xff,
    0xff, 0x0, 0xcf, 0xff, 0xff, 0xfd, 0x0,

    /* U+00B2 "²" */
    0x0, 0x7d, 0xfd, 0x50, 0x2, 0xe9, 0x7e, 0xf0,
    0x0, 0x0, 0xd, 0xf0, 0x0, 0x1, 0xbf, 0x60,
    0x0, 0x3e, 0xe4, 0x0, 0x7, 0xff, 0x76, 0x30,
    0x1f, 0xff, 0xff, 0x80,

    /* U+00B3 "³" */
    0x0, 0xff, 0xff, 0xf6, 0x0, 0x55, 0x9f, 0xc1,
    0x0, 0x4, 0xfc, 0x0, 0x0, 0xc, 0xff, 0x80,
    0x0, 0x0, 0xe, 0xe0, 0xd, 0xa7, 0x9f, 0xa0,
    0x19, 0xdf, 0xe9, 0x0,

    /* U+00B4 "´" */
    0x0, 0x38, 0x71, 0x3, 0xff, 0x50, 0x2e, 0xd2,
    0x0,

    /* U+00B5 "µ" */
    0x0, 0x1f, 0xf6, 0x0, 0xd, 0xfa, 0x0, 0x4f,
    0xf3, 0x0, 0xf, 0xf7, 0x0, 0x7f, 0xf0, 0x0,
    0x3f, 0xf4, 0x0, 0xaf, 0xd0, 0x0, 0x6f, 0xf1,
    0x0, 0xdf, 0xa0, 0x0, 0x9f, 0xe0, 0x0, 0xff,
    0x90, 0x0, 0xef, 0xb0, 0x3, 0xff, 0xd3, 0x2b,
    0xff, 0x80, 0x7, 0xff, 0xff, 0xff, 0xff, 0x50,
    0xa, 0xfe, 0xdf, 0xd8, 0xff, 0x20, 0xd, 0xfa,
    0x0, 0x0, 0x0, 0x0, 0xf, 0xf7, 0x0, 0x0,
    0x0, 0x0, 0x3f, 0xf4, 0x0, 0x0, 0x0, 0x0,

    /* U+00B6 "¶" */
    0x3, 0xae, 0xff, 0xff, 0xff, 0x3, 0xff, 0xff,
    0xfd, 0xef, 0xd0, 0xbf, 0xff, 0xfb, 0x5, 0xfa,
    0xd, 0xff, 0xff, 0x70, 0x8f, 0x70, 0xbf, 0xff,
    0xf4, 0xb, 0xf4, 0x3, 0xef, 0xff, 0x10, 0xef,
    0x10, 0x0, 0x5f, 0xe0, 0x2f, 0xe0, 0x0, 0x5,
    0xfb, 0x5, 0xfb, 0x0, 0x0, 0x8f, 0x80, 0x8f,
    0x80, 0x0, 0xb, 0xf5, 0xb, 0xf5, 0x0, 0x0,
    0xef, 0x20, 0xef, 0x10, 0x0, 0x1f, 0xf0, 0x1f,
    0xe0, 0x0, 0x4, 0xfb, 0x4, 0xfb, 0x0, 0x0,
    0x6d, 0x70, 0x6d, 0x70, 0x0,

    /* U+00B7 "·" */
    0x0, 0x20, 0x0, 0xbf, 0xb0, 0x1f, 0xff, 0x0,
    0xaf, 0x70,

    /* U+00B8 "¸" */
    0x0, 0x96, 0x0, 0x2f, 0xc1, 0x1, 0x5f, 0x57,
    0xff, 0xc1, 0x2, 0x10, 0x0,

    /* U+00B9 "¹" */
    0x4, 0xff, 0xf0, 0x2, 0x5f, 0xd0, 0x0, 0x2f,
    0xa0, 0x0, 0x5f, 0x70, 0x0, 0x8f, 0x40, 0x25,
    0xcf, 0x62, 0x9f, 0xff, 0xf5,

    /* U+00BA "º" */
    0x4, 0xcf, 0xe6, 0x3, 0xfc, 0x6b, 0xf4, 0x9f,
    0x20, 0x4f, 0x68, 0xf6, 0x2b, 0xf3, 0x1c, 0xff,
    0xf6, 0x0, 0x2, 0x30, 0x0,

    /* U+00BB "»" */
    0x0, 0x57, 0x21, 0x77, 0x0, 0x0, 0x7f, 0xc0,
    0xdf, 0x50, 0x0, 0xe, 0xf4, 0x5f, 0xd0, 0x0,
    0x9, 0xfb, 0xe, 0xf5, 0x0, 0x2e, 0xf4, 0x7f,
    0xd0, 0x1, 0xdf, 0x55, 0xfe, 0x10, 0xc, 0xf7,
    0x3f, 0xe2, 0x0,

    /* U+00BC "¼" */
    0x0, 0x11, 0x10, 0x0, 0x0, 0x0, 0x10, 0x0,
    0x6, 0xff, 0xe0, 0x0, 0x0, 0x1e, 0xe1, 0x0,
    0x2, 0x5f, 0xb0, 0x0, 0x0, 0xcf, 0x30, 0x0,
    0x0, 0x4f, 0x80, 0x0, 0xa, 0xf6, 0x0, 0x0,
    0x0, 0x7f, 0x50, 0x0, 0x7f, 0x80, 0x0, 0x0,
    0x0, 0xaf, 0x20, 0x4, 0xfb, 0x0, 0x0, 0x0,
    0x1, 0xdf, 0x10, 0x2f, 0xd1, 0x1, 0xdd, 0x10,
    0xaf, 0xff, 0xf5, 0xde, 0x20, 0x1d, 0xe2, 0x0,
    0x34, 0x44, 0x4c, 0xf4, 0x0, 0xce, 0x44, 0x0,
    0x0, 0x0, 0x9f, 0x60, 0xb, 0xf5, 0x8f, 0x20,
    0x0, 0x6, 0xf9, 0x0, 0x6f, 0xff, 0xff, 0xf0,
    0x0, 0x3f, 0xc0, 0x0, 0x24, 0x45, 0xfc, 0x30,
    0x0, 0xbb, 0x10, 0x0, 0x0, 0x2, 0xc6, 0x0,

    /* U+00BD "½" */
    0x0, 0x11, 0x10, 0x0, 0x0, 0x0, 0x10, 0x0,
    0x6f, 0xfd, 0x0, 0x0, 0x1, 0xee, 0x10, 0x2,
    0x6f, 0xa0, 0x0, 0x0, 0xcf, 0x30, 0x0, 0x5,
    0xf6, 0x0, 0x0, 0xbf, 0x40, 0x0, 0x0, 0x9f,
    0x30, 0x0, 0x9f, 0x60, 0x10, 0x0, 0x1c, 0xf1,
    0x0, 0x7f, 0xaa, 0xff, 0xd3, 0xaf, 0xff, 0xf3,
    0x5f, 0xb4, 0xd6, 0x6f, 0xc3, 0x44, 0x44, 0x3f,
    0xc0, 0x0, 0x1, 0xfc, 0x0, 0x0, 0x1e, 0xe1,
    0x0, 0x1, 0xcf, 0x40, 0x0, 0xd, 0xf2, 0x0,
    0x4, 0xef, 0x40, 0x0, 0xb, 0xf4, 0x0, 0x7,
    0xfe, 0x41, 0x0, 0x9, 0xf6, 0x0, 0x3, 0xff,
    0xff, 0xf5, 0x0, 0x43, 0x0, 0x0, 0x14, 0x44,
    0x44, 0x10,

    /* U+00BE "¾" */
    0x0, 0x11, 0x11, 0x10, 0x0, 0x0, 0x1, 0x0,
    0x0, 0x2f, 0xff, 0xff, 0x40, 0x0, 0x1e, 0xe1,
    0x0, 0x1, 0x44, 0xaf, 0xa0, 0x0, 0xc, 0xf3,
    0x0, 0x0, 0x0, 0x6f, 0xa0, 0x0, 0xa, 0xf6,
    0x0, 0x0, 0x0, 0xe, 0xff, 0x50, 0x7, 0xf8,
    0x0, 0x0, 0x0, 0x0, 0x23, 0xfc, 0x4, 0xfb,
    0x0, 0x0, 0x0, 0xa, 0x52, 0x5f, 0xa2, 0xfd,
    0x0, 0x2e, 0xd1, 0x3, 0xef, 0xff, 0xc2, 0xde,
    0x20, 0x1d, 0xe1, 0x0, 0x0, 0x24, 0x20, 0xbf,
    0x40, 0xd, 0xe3, 0x40, 0x0, 0x0, 0x0, 0x9f,
    0x60, 0xb, 0xf5, 0x8f, 0x20, 0x0, 0x0, 0x6f,
    0x90, 0x6, 0xff, 0xff, 0xff, 0x0, 0x0, 0x3f,
    0xc0, 0x0, 0x24, 0x45, 0xfc, 0x30, 0x0, 0xb,
    0xb1, 0x0, 0x0, 0x0, 0x2c, 0x60, 0x0,

    /* U+00BF "¿" */
    0x0, 0x0, 0xaf, 0x70, 0x0, 0x0, 0x1f, 0xfd,
    0x0, 0x0, 0x0, 0xbe, 0x50, 0x0, 0x0, 0x0,
    0x0, 0x0, 0x0, 0x7, 0xdb, 0x0, 0x0, 0x5,
    0xff, 0x60, 0x0, 0x8, 0xff, 0x70, 0x0, 0x6,
    0xff, 0x50, 0x0, 0x0, 0xdf, 0xc0, 0x0, 0x20,
    0xe, 0xfe, 0x43, 0x6f, 0xd2, 0x8f, 0xff, 0xff,
    0xfc, 0x0, 0x7d, 0xfe, 0xc6, 0x0,

    /* U+00C0 "À" */
    0x0, 0x0, 0x0, 0xb, 0xfc, 0x0, 0x0, 0x0,
    0x0, 0x0, 0x0, 0xaf, 0x80, 0x0, 0x0, 0x0,
    0x0, 0x0, 0x5, 0x50, 0x0, 0x0, 0x0, 0x0,
    0x1, 0xff, 0xe0, 0x0, 0x0, 0x0, 0x0, 0xa,
    0xff, 0xf2, 0x0, 0x0, 0x0, 0x0, 0x4f, 0xff,
    0xf5, 0x0, 0x0, 0x0, 0x0, 0xdf, 0xcd, 0xf9,
    0x0, 0x0, 0x0, 0x7, 0xff, 0x3a, 0xfd, 0x0,
    0x0, 0x0, 0x2f, 0xfb, 0x7, 0xff, 0x10, 0x0,
    0x0, 0xbf, 0xf3, 0x4, 0xff, 0x40, 0x0, 0x4,
    0xff, 0xa0, 0x1, 0xff, 0x80, 0x0, 0xd, 0xff,
    0xff, 0xff, 0xff, 0xb0, 0x0, 0x8f, 0xff, 0xff,
    0xff, 0xff, 0xf0, 0x2, 0xff, 0xd0, 0x0, 0x0,
    0x7f, 0xf3, 0xb, 0xff, 0x20, 0x0, 0x0, 0x2f,
    0xf6,

    /* U+00C1 "Á" */
    0x0, 0x0, 0x0, 0x0, 0x1, 0xbd, 0x80, 0x0,
    0x0, 0x0, 0x0, 0x2d, 0xe5, 0x0, 0x0, 0x0,
    0x0, 0x0, 0x23, 0x10, 0x0, 0x0, 0x0, 0x0,
    0x1, 0xff, 0xe0, 0x0, 0x0, 0x0, 0x0, 0xa,
    0xff, 0xf2, 0x0, 0x0, 0x0, 0x0, 0x4f, 0xff,
    0xf5, 0x0, 0x0, 0x0, 0x0, 0xdf, 0xcd, 0xf9,
    0x0, 0x0, 0x0, 0x7, 0xff, 0x3a, 0xfd, 0x0,
    0x0, 0x0, 0x2f, 0xfb, 0x7, 0xff, 0x10, 0x0,
    0x0, 0xbf, 0xf3, 0x4, 0xff, 0x40, 0x0, 0x4,
    0xff, 0xa0, 0x1, 0xff, 0x80, 0x0, 0xd, 0xff,
    0xff, 0xff, 0xff, 0xb0, 0x0, 0x8f, 0xff, 0xff,
    0xff, 0xff, 0xf0, 0x2, 0xff, 0xd0, 0x0, 0x0,
    0x7f, 0xf3, 0xb, 0xff, 0x20, 0x0, 0x0, 0x2f,
    0xf6,

    /* U+00C2 "Â" */
    0x0, 0x0, 0x0, 0x0, 0x7f, 0xf9, 0x0, 0x0,
    0x0, 0x0, 0x7, 0xf9, 0xbf, 0x40, 0x0, 0x0,
    0x0, 0x17, 0x60, 0x7, 0x60, 0x0, 0x0, 0x0,
    0x1, 0xff, 0xe0, 0x0, 0x0, 0x0, 0x0, 0xa,
    0xff, 0xf2, 0x0, 0x0, 0x0, 0x0, 0x4f, 0xff,
    0xf5, 0x0, 0x0, 0x0, 0x0, 0xdf, 0xcd, 0xf9,
    0x0, 0x0, 0x0, 0x7, 0xff, 0x3a, 0xfd, 0x0,
    0x0, 0x0, 0x2f, 0xfb, 0x7, 0xff, 0x10, 0x0,
    0x0, 0xbf, 0xf3, 0x4, 0xff, 0x40, 0x0, 0x4,
    0xff, 0xa0, 0x1, 0xff, 0x80, 0x0, 0xd, 0xff,
    0xff, 0xff, 0xff, 0xb0, 0x0, 0x8f, 0xff, 0xff,
    0xff, 0xff, 0xf0, 0x2, 0xff, 0xd0, 0x0, 0x0,
    0x7f, 0xf3, 0xb, 0xff, 0x20, 0x0, 0x0, 0x2f,
    0xf6,

    /* U+00C3 "Ã" */
    0x0, 0x0, 0x0, 0x0, 0x10, 0x0, 0x20, 0x0,
    0x0, 0x0, 0x7, 0xfe, 0x57, 0xf0, 0x0, 0x0,
    0x0, 0x1f, 0x8a, 0xff, 0x70, 0x0, 0x0, 0x0,
    0x14, 0x0, 0x33, 0x0, 0x0, 0x0, 0x0, 0x1,
    0xff, 0xe0, 0x0, 0x0, 0x0, 0x0, 0xa, 0xff,
    0xf2, 0x0, 0x0, 0x0, 0x0, 0x4f, 0xff, 0xf5,
    0x0, 0x0, 0x0, 0x0, 0xdf, 0xcd, 0xf9, 0x0,
    0x0, 0x0, 0x7, 0xff, 0x3a, 0xfd, 0x0, 0x0,
    0x0, 0x2f, 0xfb, 0x7, 0xff, 0x10, 0x0, 0x0,
    0xbf, 0xf3, 0x4, 0xff, 0x40, 0x0, 0x4, 0xff,
    0xa0, 0x1, 0xff, 0x80, 0x0, 0xd, 0xff, 0xff,
    0xff, 0xff, 0xb0, 0x0, 0x8f, 0xff, 0xff, 0xff,
    0xff, 0xf0, 0x2, 0xff, 0xd0, 0x0, 0x0, 0x7f,
    0xf3, 0xb, 0xff, 0x20, 0x0, 0x0, 0x2f, 0xf6,

    /* U+00C4 "Ä" */
    0x0, 0x0, 0x0, 0x6, 0xf4, 0x3e, 0x80, 0x0,
    0x0, 0x0, 0xa, 0xf6, 0x6f, 0x90, 0x0, 0x0,
    0x0, 0x0, 0x30, 0x3, 0x0, 0x0, 0x0, 0x0,
    0x1, 0xff, 0xe0, 0x0, 0x0, 0x0, 0x0, 0xa,
    0xff, 0xf2, 0x0, 0x0, 0x0, 0x0, 0x4f, 0xff,
    0xf5, 0x0, 0x0, 0x0, 0x0, 0xdf, 0xcd, 0xf9,
    0x0, 0x0, 0x0, 0x7, 0xff, 0x3a, 0xfd, 0x0,
    0x0, 0x0, 0x2f, 0xfb, 0x7, 0xff, 0x10, 0x0,
    0x0, 0xbf, 0xf3, 0x4, 0xff, 0x40, 0x0, 0x4,
    0xff, 0xa0, 0x1, 0xff, 0x80, 0x0, 0xd, 0xff,
    0xff, 0xff, 0xff, 0xb0, 0x0, 0x8f, 0xff, 0xff,
    0xff, 0xff, 0xf0, 0x2, 0xff, 0xd0, 0x0, 0x0,
    0x7f, 0xf3, 0xb, 0xff, 0x20, 0x0, 0x0, 0x2f,
    0xf6,

    /* U+00C5 "Å" */
    0x0, 0x0, 0x0, 0x0, 0x3d, 0xe3, 0x0, 0x0,
    0x0, 0x0, 0x0, 0xd4, 0x4d, 0x0, 0x0, 0x0,
    0x0, 0x0, 0xe1, 0x1f, 0x0, 0x0, 0x0, 0x0,
    0x0, 0x9b, 0xb9, 0x0, 0x0, 0x0, 0x0, 0x1,
    0xff, 0xf0, 0x0, 0x0, 0x0, 0x0, 0xa, 0xff,
    0xf2, 0x0, 0x0, 0x0, 0x0, 0x4f, 0xff, 0xf5,
    0x0, 0x0, 0x0, 0x0, 0xdf, 0xcd, 0xf9, 0x0,
    0x0, 0x0, 0x7, 0xff, 0x3a, 0xfd, 0x0, 0x0,
    0x0, 0x2f, 0xfb, 0x7, 0xff, 0x10, 0x0, 0x0,
    0xbf, 0xf3, 0x4, 0xff, 0x40, 0x0, 0x4, 0xff,
    0xa0, 0x1, 0xff, 0x80, 0x0, 0xd, 0xff, 0xff,
    0xff, 0xff, 0xb0, 0x0, 0x8f, 0xff, 0xff, 0xff,
    0xff, 0xf0, 0x2, 0xff, 0xd0, 0x0, 0x0, 0x7f,
    0xf3, 0xb, 0xff, 0x20, 0x0, 0x0, 0x2f, 0xf6,

    /* U+00C6 "Æ" */
    0x0, 0x0, 0x0, 0x0, 0xd, 0xff, 0xff, 0xff,
    0xff, 0xfa, 0x0, 0x0, 0x0, 0x0, 0x9f, 0xff,
    0xff, 0xff, 0xff, 0xf7, 0x0, 0x0, 0x0, 0x5,
    0xff, 0x9f, 0xf7, 0x22, 0x22, 0x20, 0x0, 0x0,
    0x0, 0x1e, 0xfc, 0x5f, 0xf3, 0x0, 0x0, 0x0,
    0x0, 0x0, 0x0, 0xbf, 0xf2, 0x8f, 0xf0, 0x0,
    0x0, 0x0, 0x0, 0x0, 0x7, 0xff, 0x80, 0xaf,
    0xff, 0xff, 0xff, 0x10, 0x0, 0x0, 0x2f, 0xfe,
    0x0, 0xdf, 0xff, 0xff, 0xfd, 0x0, 0x0, 0x0,
    0xdf, 0xf6, 0x0, 0xff, 0x81, 0x11, 0x10, 0x0,
    0x0, 0x8, 0xff, 0xff, 0xff, 0xff, 0x40, 0x0,
    0x0, 0x0, 0x0, 0x4f, 0xfe, 0xdd, 0xde, 0xff,
    0x32, 0x22, 0x22, 0x0, 0x1, 0xef, 0xe2, 0x0,
    0x9, 0xff, 0xff, 0xff, 0xff, 0x0, 0xa, 0xff,
    0x40, 0x0, 0xd, 0xff, 0xff, 0xff, 0xfd, 0x0,

    /* U+00C7 "Ç" */
    0x0, 0x0, 0x3a, 0xef, 0xec, 0x60, 0x0, 0x0,
    0xaf, 0xff, 0xff, 0xff, 0xb0, 0x0, 0xaf, 0xfd,
    0x64, 0x6d, 0xf9, 0x0, 0x5f, 0xfb, 0x0, 0x0,
    0x5, 0x0, 0xc, 0xfe, 0x10, 0x0, 0x0, 0x0,
    0x0, 0xff, 0x90, 0x0, 0x0, 0x0, 0x0, 0x2f,
    0xf7, 0x0, 0x0, 0x0, 0x0, 0x2, 0xff, 0x80,
    0x0, 0x0, 0x0, 0x0, 0xe, 0xfe, 0x10, 0x0,
    0x6, 0x0, 0x0, 0x8f, 0xfe, 0x75, 0x6c, 0xf9,
    0x0, 0x0, 0xbf, 0xff, 0xff, 0xff, 0x80, 0x0,
    0x0, 0x5c, 0xff, 0xea, 0x40, 0x0, 0x0, 0x0,
    0x6f, 0x50, 0x0, 0x0, 0x0, 0x0, 0x12, 0xbf,
    0x0, 0x0, 0x0, 0x0, 0xc, 0xff, 0x90, 0x0,
    0x0, 0x0, 0x0, 0x2, 0x10, 0x0, 0x0, 0x0,

    /* U+00C8 "È" */
    0x0, 0x0, 0x5f, 0xf3, 0x0, 0x0, 0x0, 0x0,
    0x4, 0xfd, 0x0, 0x0, 0x0, 0x0, 0x0, 0x36,
    0x20, 0x0, 0x0, 0x6f, 0xff, 0xff, 0xff, 0xf1,
    0x0, 0x9f, 0xff, 0xff, 0xff, 0xd0, 0x0, 0xcf,
    0xd2, 0x22, 0x22, 0x10, 0x0, 0xff, 0xa0, 0x0,
    0x0, 0x0, 0x2, 0xff, 0x70, 0x0, 0x0, 0x0,
    0x5, 0xff, 0xff, 0xff, 0xf7, 0x0, 0x8, 0xff,
    0xff, 0xff, 0xf4, 0x0, 0xb, 0xfe, 0x11, 0x11,
    0x10, 0x0, 0xe, 0xfb, 0x0, 0x0, 0x0, 0x0,
    0x1f, 0xf9, 0x22, 0x22, 0x21, 0x0, 0x4f, 0xff,
    0xff, 0xff, 0xf6, 0x0, 0x7f, 0xff, 0xff, 0xff,
    0xf3, 0x0,

    /* U+00C9 "É" */
    0x0, 0x0, 0x0, 0x7, 0xfe, 0x30, 0x0, 0x0,
    0x0, 0x6f, 0xc1, 0x0, 0x0, 0x0, 0x1, 0x77,
    0x0, 0x0, 0x0, 0x6f, 0xff, 0xff, 0xff, 0xf1,
    0x0, 0x9f, 0xff, 0xff, 0xff, 0xd0, 0x0, 0xcf,
    0xd2, 0x22, 0x22, 0x10, 0x0, 0xff, 0xa0, 0x0,
    0x0, 0x0, 0x2, 0xff, 0x70, 0x0, 0x0, 0x0,
    0x5, 0xff, 0xff, 0xff, 0xf7, 0x0, 0x8, 0xff,
    0xff, 0xff, 0xf4, 0x0, 0xb, 0xfe, 0x11, 0x11,
    0x10, 0x0, 0xe, 0xfb, 0x0, 0x0, 0x0, 0x0,
    0x1f, 0xf9, 0x22, 0x22, 0x21, 0x0, 0x4f, 0xff,
    0xff, 0xff, 0xf6, 0x0, 0x7f, 0xff, 0xff, 0xff,
    0xf3, 0x0,

    /* U+00CA "Ê" */
    0x0, 0x0, 0x2, 0xef, 0xe1, 0x0, 0x0, 0x0,
    0x2e, 0xe7, 0xfb, 0x0, 0x0, 0x0, 0x67, 0x10,
    0x48, 0x20, 0x0, 0x6f, 0xff, 0xff, 0xff, 0xf1,
    0x0, 0x9f, 0xff, 0xff, 0xff, 0xd0, 0x0, 0xcf,
    0xd2, 0x22, 0x22, 0x10, 0x0, 0xff, 0xa0, 0x0,
    0x0, 0x0, 0x2, 0xff, 0x70, 0x0, 0x0, 0x0,
    0x5, 0xff, 0xff, 0xff, 0xf7, 0x0, 0x8, 0xff,
    0xff, 0xff, 0xf4, 0x0, 0xb, 0xfe, 0x11, 0x11,
    0x10, 0x0, 0xe, 0xfb, 0x0, 0x0, 0x0, 0x0,
    0x1f, 0xf9, 0x22, 0x22, 0x21, 0x0, 0x4f, 0xff,
    0xff, 0xff, 0xf6, 0x0, 0x7f, 0xff, 0xff, 0xff,
    0xf3, 0x0,

    /* U+00CB "Ë" */
    0x0, 0x0, 0x1d, 0xb0, 0xbd, 0x0, 0x0, 0x0,
    0x3f, 0xc0, 0xff, 0x10, 0x0, 0x0, 0x3, 0x10,
    0x22, 0x0, 0x0, 0x6f, 0xff, 0xff, 0xff, 0xf1,
    0x0, 0x9f, 0xff, 0xff, 0xff, 0xd0, 0x0, 0xcf,
    0xd2, 0x22, 0x22, 0x10, 0x0, 0xff, 0xa0, 0x0,
    0x0, 0x0, 0x2, 0xff, 0x70, 0x0, 0x0, 0x0,
    0x5, 0xff, 0xff, 0xff, 0xf7, 0x0, 0x8, 0xff,
    0xff, 0xff, 0xf4, 0x0, 0xb, 0xfe, 0x11, 0x11,
    0x10, 0x0, 0xe, 0xfb, 0x0, 0x0, 0x0, 0x0,
    0x1f, 0xf9, 0x22, 0x22, 0x21, 0x0, 0x4f, 0xff,
    0xff, 0xff, 0xf6, 0x0, 0x7f, 0xff, 0xff, 0xff,
    0xf3, 0x0,

    /* U+00CC "Ì" */
    0x4, 0xff, 0x40, 0x0, 0x3f, 0xe1, 0x0, 0x2,
    0x62, 0x0, 0x6f, 0xf3, 0x0, 0x9f, 0xf0, 0x0,
    0xcf, 0xd0, 0x0, 0xff, 0xa0, 0x2, 0xff, 0x70,
    0x5, 0xff, 0x40, 0x8, 0xff, 0x10, 0xb, 0xfe,
    0x0, 0xe, 0xfb, 0x0, 0x1f, 0xf8, 0x0, 0x4f,
    0xf5, 0x0, 0x7f, 0xf2, 0x0,

    /* U+00CD "Í" */
    0x0, 0x0, 0x6f, 0xe4, 0x0, 0x5, 0xfd, 0x20,
    0x0, 0x7, 0x70, 0x0, 0x0, 0x6f, 0xf3, 0x0,
    0x0, 0x9f, 0xf0, 0x0, 0x0, 0xcf, 0xd0, 0x0,
    0x0, 0xff, 0xa0, 0x0, 0x2, 0xff, 0x70, 0x0,
    0x5, 0xff, 0x40, 0x0, 0x8, 0xff, 0x10, 0x0,
    0xb, 0xfe, 0x0, 0x0, 0xe, 0xfb, 0x0, 0x0,
    0x1f, 0xf8, 0x0, 0x0, 0x4f, 0xf5, 0x0, 0x0,
    0x7f, 0xf2, 0x0, 0x0,

    /* U+00CE "Î" */
    0x0, 0x1d, 0xff, 0x10, 0x1, 0xde, 0x7f, 0xc0,
    0x5, 0x71, 0x4, 0x82, 0x0, 0x6f, 0xf3, 0x0,
    0x0, 0x9f, 0xf0, 0x0, 0x0, 0xcf, 0xd0, 0x0,
    0x0, 0xff, 0xa0, 0x0, 0x2, 0xff, 0x70, 0x0,
    0x5, 0xff, 0x40, 0x0, 0x8, 0xff, 0x10, 0x0,
    0xb, 0xfe, 0x0, 0x0, 0xe, 0xfb, 0x0, 0x0,
    0x1f, 0xf8, 0x0, 0x0, 0x4f, 0xf5, 0x0, 0x0,
    0x7f, 0xf2, 0x0, 0x0,

    /* U+00CF "Ï" */
    0x0, 0xdc, 0xa, 0xe1, 0x2, 0xfe, 0xe, 0xf2,
    0x0, 0x21, 0x1, 0x20, 0x0, 0x6f, 0xf3, 0x0,
    0x0, 0x9f, 0xf0, 0x0, 0x0, 0xcf, 0xd0, 0x0,
    0x0, 0xff, 0xa0, 0x0, 0x2, 0xff, 0x70, 0x0,
    0x5, 0xff, 0x40, 0x0, 0x8, 0xff, 0x10, 0x0,
    0xb, 0xfe, 0x0, 0x0, 0xe, 0xfb, 0x0, 0x0,
    0x1f, 0xf8, 0x0, 0x0, 0x4f, 0xf5, 0x0, 0x0,
    0x7f, 0xf2, 0x0, 0x0,

    /* U+00D0 "Ð" */
    0x0, 0x3f, 0xff, 0xff, 0xeb, 0x60, 0x0, 0x0,
    0x6f, 0xff, 0xff, 0xff, 0xfb, 0x0, 0x0, 0x9f,
    0xf3, 0x33, 0x6d, 0xff, 0x80, 0x0, 0xbf, 0xd0,
    0x0, 0x1, 0xef, 0xe0, 0x0, 0xef, 0xa0, 0x0,
    0x0, 0x9f, 0xf1, 0x7e, 0xff, 0xfc, 0xc3, 0x0,
    0x8f, 0xf1, 0xcf, 0xff, 0xff, 0xf2, 0x0, 0xaf,
    0xf0, 0x7, 0xff, 0x10, 0x0, 0x1, 0xff, 0xb0,
    0xa, 0xff, 0x0, 0x0, 0xb, 0xff, 0x40, 0xd,
    0xfd, 0x33, 0x36, 0xdf, 0xfa, 0x0, 0xf, 0xff,
    0xff, 0xff, 0xff, 0x90, 0x0, 0x3f, 0xff, 0xff,
    0xfd, 0xa3, 0x0, 0x0,

    /* U+00D1 "Ñ" */
    0x0, 0x0, 0x0, 0x1, 0x0, 0x11, 0x0, 0x0,
    0x0, 0x3e, 0xf9, 0x3f, 0x50, 0x0, 0x0, 0xb,
    0xb7, 0xff, 0xc0, 0x0, 0x0, 0x0, 0x41, 0x1,
    0x40, 0x0, 0x0, 0x6f, 0xf2, 0x0, 0x0, 0xaf,
    0xd0, 0x9, 0xff, 0xa0, 0x0, 0xd, 0xfb, 0x0,
    0xcf, 0xff, 0x30, 0x0, 0xff, 0x80, 0xf, 0xff,
    0xfc, 0x0, 0x3f, 0xf5, 0x2, 0xff, 0xef, 0xf5,
    0x6, 0xff, 0x20, 0x5f, 0xf4, 0xef, 0xd0, 0x9f,
    0xf0, 0x8, 0xff, 0x7, 0xff, 0x7c, 0xfc, 0x0,
    0xbf, 0xd0, 0xd, 0xfe, 0xff, 0x90, 0xe, 0xfa,
    0x0, 0x5f, 0xff, 0xf6, 0x1, 0xff, 0x70, 0x0,
    0xcf, 0xff, 0x30, 0x4f, 0xf4, 0x0, 0x3, 0xff,
    0xf0, 0x7, 0xff, 0x10, 0x0, 0xa, 0xfd, 0x0,

    /* U+00D2 "Ò" */
    0x0, 0x0, 0x3, 0xef, 0x60, 0x0, 0x0, 0x0,
    0x0, 0x0, 0x2e, 0xf2, 0x0, 0x0, 0x0, 0x0,
    0x0, 0x2, 0x63, 0x0, 0x0, 0x0, 0x0, 0x4a,
    0xef, 0xec, 0x60, 0x0, 0x0, 0xa, 0xff, 0xff,
    0xff, 0xfb, 0x0, 0x0, 0xaf, 0xfd, 0x64, 0x6d,
    0xff, 0x80, 0x5, 0xff, 0xa0, 0x0, 0x0, 0xef,
    0xf0, 0xc, 0xfe, 0x10, 0x0, 0x0, 0x8f, 0xf2,
    0xf, 0xf9, 0x0, 0x0, 0x0, 0x7f, 0xf2, 0x2f,
    0xf7, 0x0, 0x0, 0x0, 0x9f, 0xf0, 0x2f, 0xf8,
    0x0, 0x0, 0x1, 0xef, 0xc0, 0xe, 0xfe, 0x10,
    0x0, 0xa, 0xff, 0x50, 0x8, 0xff, 0xd7, 0x56,
    0xdf, 0xfa, 0x0, 0x0, 0xbf, 0xff, 0xff, 0xff,
    0xa0, 0x0, 0x0, 0x6, 0xce, 0xfe, 0xa4, 0x0,
    0x0,

    /* U+00D3 "Ó" */
    0x0, 0x0, 0x0, 0x0, 0x4f, 0xf5, 0x0, 0x0,
    0x0, 0x0, 0x4, 0xfe, 0x30, 0x0, 0x0, 0x0,
    0x0, 0x7, 0x71, 0x0, 0x0, 0x0, 0x0, 0x4a,
    0xef, 0xec, 0x60, 0x0, 0x0, 0xa, 0xff, 0xff,
    0xff, 0xfb, 0x0, 0x0, 0xaf, 0xfd, 0x64, 0x6d,
    0xff, 0x80, 0x5, 0xff, 0xa0, 0x0, 0x0, 0xef,
    0xf0, 0xc, 0xfe, 0x10, 0x0, 0x0, 0x8f, 0xf2,
    0xf, 0xf9, 0x0, 0x0, 0x0, 0x7f, 0xf2, 0x2f,
    0xf7, 0x0, 0x0, 0x0, 0x9f, 0xf0, 0x2f, 0xf8,
    0x0, 0x0, 0x1, 0xef, 0xc0, 0xe, 0xfe, 0x10,
    0x0, 0xa, 0xff, 0x50, 0x8, 0xff, 0xd7, 0x56,
    0xdf, 0xfa, 0x0, 0x0, 0xbf, 0xff, 0xff, 0xff,
    0xa0, 0x0, 0x0, 0x6, 0xce, 0xfe, 0xa4, 0x0,
    0x0,

    /* U+00D4 "Ô" */
    0x0, 0x0, 0x0, 0x1c, 0xff, 0x30, 0x0, 0x0,
    0x0, 0x0, 0xcf, 0x7e, 0xd0, 0x0, 0x0, 0x0,
    0x4, 0x82, 0x3, 0x83, 0x0, 0x0, 0x0, 0x4a,
    0xef, 0xec, 0x60, 0x0, 0x0, 0xa, 0xff, 0xff,
    0xff, 0xfb, 0x0, 0x0, 0xaf, 0xfd, 0x64, 0x6d,
    0xff, 0x80, 0x5, 0xff, 0xa0, 0x0, 0x0, 0xef,
    0xf0, 0xc, 0xfe, 0x10, 0x0, 0x0, 0x8f, 0xf2,
    0xf, 0xf9, 0x0, 0x0, 0x0, 0x7f, 0xf2, 0x2f,
    0xf7, 0x0, 0x0, 0x0, 0x9f, 0xf0, 0x2f, 0xf8,
    0x0, 0x0, 0x1, 0xef, 0xc0, 0xe, 0xfe, 0x10,
    0x0, 0xa, 0xff, 0x50, 0x8, 0xff, 0xd7, 0x56,
    0xdf, 0xfa, 0x0, 0x0, 0xbf, 0xff, 0xff, 0xff,
    0xa0, 0x0, 0x0, 0x6, 0xce, 0xfe, 0xa4, 0x0,
    0x0,

    /* U+00D5 "Õ" */
    0x0, 0x0, 0x0, 0x1, 0x0, 0x11, 0x0, 0x0,
    0x0, 0x0, 0xcf, 0xc3, 0xc9, 0x0, 0x0, 0x0,
    0x7, 0xe6, 0xdf, 0xf2, 0x0, 0x0, 0x0, 0x3,
    0x30, 0x4, 0x10, 0x0, 0x0, 0x0, 0x4a, 0xef,
    0xec, 0x60, 0x0, 0x0, 0xa, 0xff, 0xff, 0xff,
    0xfb, 0x0, 0x0, 0xaf, 0xfd, 0x64, 0x6d, 0xff,
    0x80, 0x5, 0xff, 0xa0, 0x0, 0x0, 0xef, 0xf0,
    0xc, 0xfe, 0x10, 0x0, 0x0, 0x8f, 0xf2, 0xf,
    0xf9, 0x0, 0x0, 0x0, 0x7f, 0xf2, 0x2f, 0xf7,
    0x0, 0x0, 0x0, 0x9f, 0xf0, 0x2f, 0xf8, 0x0,
    0x0, 0x1, 0xef, 0xc0, 0xe, 0xfe, 0x10, 0x0,
    0xa, 0xff, 0x50, 0x8, 0xff, 0xd7, 0x56, 0xdf,
    0xfa, 0x0, 0x0, 0xbf, 0xff, 0xff, 0xff, 0xa0,
    0x0, 0x0, 0x6, 0xce, 0xfe, 0xa4, 0x0, 0x0,

    /* U+00D6 "Ö" */
    0x0, 0x0, 0x0, 0xcd, 0x8, 0xe2, 0x0, 0x0,
    0x0, 0x0, 0xff, 0xc, 0xf3, 0x0, 0x0, 0x0,
    0x0, 0x21, 0x1, 0x20, 0x0, 0x0, 0x0, 0x4a,
    0xef, 0xec, 0x60, 0x0, 0x0, 0xa, 0xff, 0xff,
    0xff, 0xfb, 0x0, 0x0, 0xaf, 0xfd, 0x64, 0x6d,
    0xff, 0x80, 0x5, 0xff, 0xa0, 0x0, 0x0, 0xef,
    0xf0, 0xc, 0xfe, 0x10, 0x0, 0x0, 0x8f, 0xf2,
    0xf, 0xf9, 0x0, 0x0, 0x0, 0x7f, 0xf2, 0x2f,
    0xf7, 0x0, 0x0, 0x0, 0x9f, 0xf0, 0x2f, 0xf8,
    0x0, 0x0, 0x1, 0xef, 0xc0, 0xe, 0xfe, 0x10,
    0x0, 0xa, 0xff, 0x50, 0x8, 0xff, 0xd7, 0x56,
    0xdf, 0xfa, 0x0, 0x0, 0xbf, 0xff, 0xff, 0xff,
    0xa0, 0x0, 0x0, 0x6, 0xce, 0xfe, 0xa4, 0x0,
    0x0,

    /* U+00D7 "×" */
    0x0, 0x10, 0x0, 0x10, 0x6, 0xe2, 0x6, 0xe2,
    0xb, 0xfd, 0x8f, 0xf5, 0x0, 0xdf, 0xff, 0x50,
    0x0, 0xaf, 0xfb, 0x0, 0xb, 0xfe, 0xff, 0x60,
    0x4f, 0xd2, 0x5f, 0xd0, 0x6, 0x10, 0x6, 0x10,

    /* U+00D8 "Ø" */
    0x0, 0x0, 0x0, 0x0, 0x0, 0x4f, 0x90, 0x0,
    0x0, 0x4a, 0xef, 0xed, 0xfd, 0x0, 0x0, 0xa,
    0xff, 0xff, 0xff, 0xfe, 0x0, 0x0, 0xaf, 0xfd,
    0x64, 0xdf, 0xff, 0x80, 0x5, 0xff, 0xa0, 0x2,
    0xfc, 0xef, 0xf0, 0xc, 0xfe, 0x10, 0xd, 0xe1,
    0x8f, 0xf2, 0xf, 0xf9, 0x0, 0x8f, 0x40, 0x7f,
    0xf2, 0x2f, 0xf7, 0x4, 0xf9, 0x0, 0x9f, 0xf0,
    0x2f, 0xf8, 0x1e, 0xd0, 0x1, 0xef, 0xc0, 0xe,
    0xfe, 0xcf, 0x20, 0xa, 0xff, 0x50, 0x8, 0xff,
    0xfe, 0x56, 0xdf, 0xfa, 0x0, 0x0, 0xef, 0xff,
    0xff, 0xff, 0xa0, 0x0, 0x0, 0xdf, 0xde, 0xfe,
    0xa4, 0x0, 0x0, 0x9, 0xf4, 0x0, 0x0, 0x0,
    0x0, 0x0,

    /* U+00D9 "Ù" */
    0x0, 0x0, 0xa, 0xfc, 0x0, 0x0, 0x0, 0x0,
    0x0, 0xa, 0xf8, 0x0, 0x0, 0x0, 0x0, 0x0,
    0x5, 0x50, 0x0, 0x0, 0x9, 0xff, 0x0, 0x0,
    0xf, 0xf8, 0x0, 0xcf, 0xc0, 0x0, 0x3, 0xff,
    0x50, 0xf, 0xf9, 0x0, 0x0, 0x6f, 0xf2, 0x3,
    0xff, 0x60, 0x0, 0x9, 0xfe, 0x0, 0x6f, 0xf3,
    0x0, 0x0, 0xcf, 0xb0, 0x9, 0xff, 0x0, 0x0,
    0xf, 0xf8, 0x0, 0xcf, 0xd0, 0x0, 0x3, 0xff,
    0x50, 0xd, 0xfc, 0x0, 0x0, 0x7f, 0xf2, 0x0,
    0xdf, 0xe0, 0x0, 0xd, 0xfc, 0x0, 0x9, 0xff,
    0xb5, 0x6c, 0xff, 0x50, 0x0, 0x1e, 0xff, 0xff,
    0xff, 0x80, 0x0, 0x0, 0x19, 0xef, 0xeb, 0x40,
    0x0, 0x0,

    /* U+00DA "Ú" */
    0x0, 0x0, 0x0, 0x0, 0xcf, 0xb0, 0x0, 0x0,
    0x0, 0x0, 0xcf, 0x80, 0x0, 0x0, 0x0, 0x0,
    0x48, 0x40, 0x0, 0x0, 0x9, 0xff, 0x0, 0x0,
    0xf, 0xf8, 0x0, 0xcf, 0xc0, 0x0, 0x3, 0xff,
    0x50, 0xf, 0xf9, 0x0, 0x0, 0x6f, 0xf2, 0x3,
    0xff, 0x60, 0x0, 0x9, 0xfe, 0x0, 0x6f, 0xf3,
    0x0, 0x0, 0xcf, 0xb0, 0x9, 0xff, 0x0, 0x0,
    0xf, 0xf8, 0x0, 0xcf, 0xd0, 0x0, 0x3, 0xff,
    0x50, 0xd, 0xfc, 0x0, 0x0, 0x7f, 0xf2, 0x0,
    0xdf, 0xe0, 0x0, 0xd, 0xfc, 0x0, 0x9, 0xff,
    0xb5, 0x6c, 0xff, 0x50, 0x0, 0x1e, 0xff, 0xff,
    0xff, 0x80, 0x0, 0x0, 0x19, 0xef, 0xeb, 0x40,
    0x0, 0x0,

    /* U+00DB "Û" */
    0x0, 0x0, 0x0, 0x7f, 0xf9, 0x0, 0x0, 0x0,
    0x0, 0x6f, 0xaa, 0xf5, 0x0, 0x0, 0x0, 0x17,
    0x60, 0x7, 0x60, 0x0, 0x9, 0xff, 0x0, 0x0,
    0xf, 0xf8, 0x0, 0xcf, 0xc0, 0x0, 0x3, 0xff,
    0x50, 0xf, 0xf9, 0x0, 0x0, 0x6f, 0xf2, 0x3,
    0xff, 0x60, 0x0, 0x9, 0xfe, 0x0, 0x6f, 0xf3,
    0x0, 0x0, 0xcf, 0xb0, 0x9, 0xff, 0x0, 0x0,
    0xf, 0xf8, 0x0, 0xcf, 0xd0, 0x0, 0x3, 0xff,
    0x50, 0xd, 0xfc, 0x0, 0x0, 0x7f, 0xf2, 0x0,
    0xdf, 0xe0, 0x0, 0xd, 0xfc, 0x0, 0x9, 0xff,
    0xb5, 0x6c, 0xff, 0x50, 0x0, 0x1e, 0xff, 0xff,
    0xff, 0x80, 0x0, 0x0, 0x19, 0xef, 0xeb, 0x40,
    0x0, 0x0,

    /* U+00DC "Ü" */
    0x0, 0x0, 0x5, 0xf5, 0x2e, 0x80, 0x0, 0x0,
    0x0, 0x9f, 0x65, 0xfa, 0x0, 0x0, 0x0, 0x0,
    0x30, 0x3, 0x0, 0x0, 0x9, 0xff, 0x0, 0x0,
    0xf, 0xf8, 0x0, 0xcf, 0xc0, 0x0, 0x3, 0xff,
    0x50, 0xf, 0xf9, 0x0, 0x0, 0x6f, 0xf2, 0x3,
    0xff, 0x60, 0x0, 0x9, 0xfe, 0x0, 0x6f, 0xf3,
    0x0, 0x0, 0xcf, 0xb0, 0x9, 0xff, 0x0, 0x0,
    0xf, 0xf8, 0x0, 0xcf, 0xd0, 0x0, 0x3, 0xff,
    0x50, 0xd, 0xfc, 0x0, 0x0, 0x7f, 0xf2, 0x0,
    0xdf, 0xe0, 0x0, 0xd, 0xfc, 0x0, 0x9, 0xff,
    0xb5, 0x6c, 0xff, 0x50, 0x0, 0x1e, 0xff, 0xff,
    0xff, 0x80, 0x0, 0x0, 0x19, 0xef, 0xeb, 0x40,
    0x0, 0x0,

    /* U+00DD "Ý" */
    0x0, 0x0, 0x0, 0x7f, 0xe3, 0x0, 0x0, 0x0,
    0x6, 0xfc, 0x10, 0x0, 0x0, 0x0, 0x17, 0x70,
    0x0, 0x0, 0x8f, 0xf1, 0x0, 0x0, 0x7f, 0xf3,
    0x2f, 0xf7, 0x0, 0x3, 0xff, 0x70, 0xc, 0xfd,
    0x0, 0x1e, 0xfb, 0x0, 0x6, 0xff, 0x30, 0xbf,
    0xe1, 0x0, 0x0, 0xff, 0x97, 0xff, 0x40, 0x0,
    0x0, 0xaf, 0xff, 0xf8, 0x0, 0x0, 0x0, 0x4f,
    0xff, 0xc0, 0x0, 0x0, 0x0, 0xe, 0xfe, 0x10,
    0x0, 0x0, 0x0, 0xf, 0xfa, 0x0, 0x0, 0x0,
    0x0, 0x2f, 0xf7, 0x0, 0x0, 0x0, 0x0, 0x5f,
    0xf4, 0x0, 0x0, 0x0, 0x0, 0x8f, 0xf1, 0x0,
    0x0, 0x0,

    /* U+00DE "Þ" */
    0x0, 0x6f, 0xf3, 0x0, 0x0, 0x0, 0x0, 0x9f,
    0xf4, 0x21, 0x0, 0x0, 0x0, 0xcf, 0xff, 0xff,
    0xf9, 0x10, 0x0, 0xff, 0xff, 0xff, 0xff, 0xd0,
    0x2, 0xff, 0x80, 0x2, 0xbf, 0xf3, 0x5, 0xff,
    0x50, 0x0, 0x4f, 0xf5, 0x8, 0xff, 0x20, 0x0,
    0x6f, 0xf3, 0xb, 0xff, 0x0, 0x5, 0xef, 0xe0,
    0xe, 0xff, 0xff, 0xff, 0xff, 0x40, 0x1f, 0xff,
    0xff, 0xff, 0xb2, 0x0, 0x4f, 0xf7, 0x32, 0x20,
    0x0, 0x0, 0x7f, 0xf2, 0x0, 0x0, 0x0, 0x0,

    /* U+00DF "ß" */
    0x0, 0x0, 0x8d, 0xfe, 0xb2, 0x0, 0x0, 0xcf,
    0xff, 0xff, 0xe1, 0x0, 0x8f, 0xf6, 0x25, 0xff,
    0x60, 0xe, 0xf9, 0x0, 0xf, 0xf5, 0x3, 0xff,
    0x40, 0x2a, 0xfe, 0x10, 0x6f, 0xf1, 0x5f, 0xff,
    0x30, 0x9, 0xfe, 0x8, 0xff, 0xfc, 0x0, 0xdf,
    0xb0, 0x0, 0x8f, 0xf4, 0xf, 0xf7, 0x0, 0x3,
    0xff, 0x53, 0xff, 0x42, 0x23, 0xcf, 0xf1, 0x6f,
    0xf1, 0xcf, 0xff, 0xf8, 0x9, 0xfe, 0xd, 0xff,
    0xc5, 0x0,

    /* U+00E0 "à" */
    0x0, 0x0, 0xbf, 0xc0, 0x0, 0x0, 0x0, 0x0,
    0xaf, 0x80, 0x0, 0x0, 0x0, 0x0, 0x55, 0x0,
    0x0, 0x2, 0xae, 0xfc, 0x4d, 0xfa, 0x3, 0xef,
    0xff, 0xff, 0xff, 0x70, 0xdf, 0xe5, 0x26, 0xff,
    0xf4, 0x4f, 0xf5, 0x0, 0x9, 0xff, 0x17, 0xff,
    0x0, 0x0, 0x9f, 0xe0, 0x7f, 0xf1, 0x0, 0xd,
    0xfb, 0x4, 0xff, 0xb3, 0x3b, 0xff, 0x80, 0xc,
    0xff, 0xff, 0xff, 0xf5, 0x0, 0x9, 0xef, 0xb7,
    0xff, 0x20,

    /* U+00E1 "á" */
    0x0, 0x0, 0x0, 0x2d, 0xf9, 0x0, 0x0, 0x0,
    0x3e, 0xd3, 0x0, 0x0, 0x0, 0x1, 0x10, 0x0,
    0x0, 0x2, 0xae, 0xfc, 0x4d, 0xfa, 0x3, 0xef,
    0xff, 0xff, 0xff, 0x70, 0xdf, 0xe5, 0x26, 0xff,
    0xf4, 0x4f, 0xf5, 0x0, 0x9, 0xff, 0x17, 0xff,
    0x0, 0x0, 0x9f, 0xe0, 0x7f, 0xf1, 0x0, 0xd,
    0xfb, 0x4, 0xff, 0xb3, 0x3b, 0xff, 0x80, 0xc,
    0xff, 0xff, 0xff, 0xf5, 0x0, 0x9, 0xef, 0xb7,
    0xff, 0x20,

    /* U+00E2 "â" */
    0x0, 0x0, 0xa, 0xff, 0x80, 0x0, 0x0, 0x1c,
    0xe4, 0x9f, 0x50, 0x0, 0x0, 0x10, 0x0, 0x11,
    0x0, 0x2, 0xae, 0xfc, 0x4d, 0xfa, 0x3, 0xef,
    0xff, 0xff, 0xff, 0x70, 0xdf, 0xe5, 0x26, 0xff,
    0xf4, 0x4f, 0xf5, 0x0, 0x9, 0xff, 0x17, 0xff,
    0x0, 0x0, 0x9f, 0xe0, 0x7f, 0xf1, 0x0, 0xd,
    0xfb, 0x4, 0xff, 0xb3, 0x3b, 0xff, 0x80, 0xc,
    0xff, 0xff, 0xff, 0xf5, 0x0, 0x9, 0xef, 0xb7,
    0xff, 0x20,

    /* U+00E3 "ã" */
    0x0, 0x0, 0x9f, 0xff, 0xfd, 0x0, 0x0, 0x17,
    0x77, 0x76, 0x10, 0x0, 0x0, 0x0, 0x0, 0x0,
    0x0, 0x2, 0xae, 0xfc, 0x4d, 0xfa, 0x3, 0xef,
    0xff, 0xff, 0xff, 0x70, 0xdf, 0xe5, 0x26, 0xff,
    0xf4, 0x4f, 0xf5, 0x0, 0x9, 0xff, 0x17, 0xff,
    0x0, 0x0, 0x9f, 0xe0, 0x7f, 0xf1, 0x0, 0xd,
    0xfb, 0x4, 0xff, 0xb3, 0x3b, 0xff, 0x80, 0xc,
    0xff, 0xff, 0xff, 0xf5, 0x0, 0x9, 0xef, 0xb7,
    0xff, 0x20,

    /* U+00E4 "ä" */
    0x0, 0x0, 0x8f, 0x34, 0xf6, 0x0, 0x0, 0xc,
    0xf4, 0x8f, 0x70, 0x0, 0x0, 0x12, 0x0, 0x30,
    0x0, 0x2, 0xae, 0xfc, 0x4d, 0xfa, 0x3, 0xef,
    0xff, 0xff, 0xff, 0x70, 0xdf, 0xe5, 0x26, 0xff,
    0xf4, 0x4f, 0xf5, 0x0, 0x9, 0xff, 0x17, 0xff,
    0x0, 0x0, 0x9f, 0xe0, 0x7f, 0xf1, 0x0, 0xd,
    0xfb, 0x4, 0xff, 0xb3, 0x3b, 0xff, 0x80, 0xc,
    0xff, 0xff, 0xff, 0xf5, 0x0, 0x9, 0xef, 0xb7,
    0xff, 0x20,

    /* U+00E5 "å" */
    0x0, 0x0, 0x3, 0xee, 0x40, 0x0, 0x0, 0x0,
    0xd4, 0x3e, 0x0, 0x0, 0x0, 0xd, 0x33, 0xe0,
    0x0, 0x0, 0x0, 0x4e, 0xe4, 0x0, 0x0, 0x0,
    0x0, 0x0, 0x0, 0x0, 0x2, 0xae, 0xfc, 0x4d,
    0xfa, 0x3, 0xef, 0xff, 0xff, 0xff, 0x70, 0xdf,
    0xe5, 0x26, 0xff, 0xf4, 0x4f, 0xf5, 0x0, 0x9,
    0xff, 0x17, 0xff, 0x0, 0x0, 0x9f, 0xe0, 0x7f,
    0xf1, 0x0, 0xd, 0xfb, 0x4, 0xff, 0xb3, 0x3b,
    0xff, 0x80, 0xc, 0xff, 0xff, 0xff, 0xf5, 0x0,
    0x9, 0xef, 0xb7, 0xff, 0x20,

    /* U+00E6 "æ" */
    0x1, 0x8c, 0xef, 0xd6, 0x19, 0xef, 0xd8, 0x0,
    0x4, 0xff, 0xff, 0xff, 0xff, 0xff, 0xff, 0xc0,
    0x0, 0x73, 0x13, 0xdf, 0xfa, 0x21, 0x6f, 0xf4,
    0x0, 0x46, 0x78, 0xcf, 0xf8, 0x88, 0x8f, 0xf7,
    0x1c, 0xff, 0xff, 0xff, 0xff, 0xff, 0xff, 0xf7,
    0x8f, 0xe2, 0x0, 0xff, 0xc0, 0x0, 0x0, 0x0,
    0xbf, 0xc0, 0x7, 0xff, 0xf7, 0x12, 0x77, 0x0,
    0x6f, 0xfd, 0xcf, 0xec, 0xff, 0xff, 0xff, 0x10,
    0x7, 0xdf, 0xea, 0x20, 0x8d, 0xfe, 0xb5, 0x0,

    /* U+00E7 "ç" */
    0x0, 0x18, 0xdf, 0xea, 0x20, 0x2, 0xef, 0xff,
    0xff, 0xe2, 0xd, 0xff, 0x62, 0x5f, 0xc3, 0x4f,
    0xf5, 0x0, 0x1, 0x0, 0x7f, 0xf0, 0x0, 0x0,
    0x0, 0x7f, 0xf1, 0x0, 0x1, 0x0, 0x4f, 0xfb,
    0x33, 0xae, 0x60, 0xb, 0xff, 0xff, 0xff, 0x60,
    0x0, 0x7d, 0xff, 0xb4, 0x0, 0x0, 0x6, 0xf0,
    0x0, 0x0, 0x0, 0x9, 0xfb, 0x0, 0x0, 0x0,
    0x10, 0xcd, 0x0, 0x0, 0x0, 0xef, 0xf5, 0x0,
    0x0, 0x0, 0x12, 0x0, 0x0, 0x0,

    /* U+00E8 "è" */
    0x0, 0x5, 0xff, 0x30, 0x0, 0x0, 0x0, 0x5f,
    0xd0, 0x0, 0x0, 0x0, 0x3, 0x62, 0x0, 0x0,
    0x19, 0xdf, 0xe9, 0x10, 0x2, 0xef, 0xff, 0xff,
    0xd0, 0xd, 0xfc, 0x10, 0x3e, 0xf6, 0x4f, 0xf9,
    0x88, 0x8d, 0xf9, 0x7f, 0xff, 0xff, 0xff, 0xf9,
    0x7f, 0xf0, 0x0, 0x0, 0x0, 0x4f, 0xfa, 0x21,
    0x59, 0x0, 0xb, 0xff, 0xff, 0xff, 0x40, 0x0,
    0x7d, 0xff, 0xc6, 0x0,

    /* U+00E9 "é" */
    0x0, 0x0, 0x0, 0x8f, 0xd3, 0x0, 0x0, 0xa,
    0xf8, 0x0, 0x0, 0x0, 0x2, 0x10, 0x0, 0x0,
    0x19, 0xdf, 0xe9, 0x10, 0x2, 0xef, 0xff, 0xff,
    0xd0, 0xd, 0xfc, 0x10, 0x3e, 0xf6, 0x4f, 0xf9,
    0x88, 0x8d, 0xf9, 0x7f, 0xff, 0xff, 0xff, 0xf9,
    0x7f, 0xf0, 0x0, 0x0, 0x0, 0x4f, 0xfa, 0x21,
    0x59, 0x0, 0xb, 0xff, 0xff, 0xff, 0x40, 0x0,
    0x7d, 0xff, 0xc6, 0x0,

    /* U+00EA "ê" */
    0x0, 0x0, 0x4f, 0xfd, 0x10, 0x0, 0x6, 0xf9,
    0x4e, 0xc0, 0x0, 0x1, 0x10, 0x1, 0x20, 0x0,
    0x19, 0xdf, 0xe9, 0x10, 0x2, 0xef, 0xff, 0xff,
    0xd0, 0xd, 0xfc, 0x10, 0x3e, 0xf6, 0x4f, 0xf9,
    0x88, 0x8d, 0xf9, 0x7f, 0xff, 0xff, 0xff, 0xf9,
    0x7f, 0xf0, 0x0, 0x0, 0x0, 0x4f, 0xfa, 0x21,
    0x59, 0x0, 0xb, 0xff, 0xff, 0xff, 0x40, 0x0,
    0x7d, 0xff, 0xc6, 0x0,

    /* U+00EB "ë" */
    0x0, 0x2, 0xe9, 0xd, 0xd0, 0x0, 0x5, 0xfa,
    0x1f, 0xe0, 0x0, 0x0, 0x30, 0x2, 0x10, 0x0,
    0x19, 0xdf, 0xe9, 0x10, 0x2, 0xef, 0xff, 0xff,
    0xd0, 0xd, 0xfc, 0x10, 0x3e, 0xf6, 0x4f, 0xf9,
    0x88, 0x8d, 0xf9, 0x7f, 0xff, 0xff, 0xff, 0xf9,
    0x7f, 0xf0, 0x0, 0x0, 0x0, 0x4f, 0xfa, 0x21,
    0x59, 0x0, 0xb, 0xff, 0xff, 0xff, 0x40, 0x0,
    0x7d, 0xff, 0xc6, 0x0,

    /* U+00EC "ì" */
    0x1d, 0xf9, 0x0, 0x1d, 0xf4, 0x0, 0x16, 0x40,
    0x1f, 0xf6, 0x4, 0xff, 0x30, 0x7f, 0xf0, 0xa,
    0xfd, 0x0, 0xdf, 0xa0, 0xf, 0xf7, 0x3, 0xff,
    0x40, 0x6f, 0xf1, 0x9, 0xfe, 0x0,

    /* U+00ED "í" */
    0x0, 0x4, 0xef, 0x60, 0x0, 0x6f, 0xb1, 0x0,
    0x0, 0x0, 0x0, 0x0, 0x1, 0xff, 0x60, 0x0,
    0x4, 0xff, 0x30, 0x0, 0x7, 0xff, 0x0, 0x0,
    0xa, 0xfd, 0x0, 0x0, 0xd, 0xfa, 0x0, 0x0,
    0xf, 0xf7, 0x0, 0x0, 0x3f, 0xf4, 0x0, 0x0,
    0x6f, 0xf1, 0x0, 0x0, 0x9f, 0xe0, 0x0, 0x0,

    /* U+00EE "î" */
    0x0, 0xbf, 0xf2, 0x0, 0x9f, 0x8f, 0xc0, 0x16,
    0x40, 0x36, 0x10, 0x1f, 0xf6, 0x0, 0x4, 0xff,
    0x30, 0x0, 0x7f, 0xf0, 0x0, 0xa, 0xfd, 0x0,
    0x0, 0xdf, 0xa0, 0x0, 0xf, 0xf7, 0x0, 0x3,
    0xff, 0x40, 0x0, 0x6f, 0xf1, 0x0, 0x9, 0xfe,
    0x0, 0x0,

    /* U+00EF "ï" */
    0x5, 0xf3, 0xbd, 0x0, 0x9f, 0x4e, 0xe0, 0x0,
    0x30, 0x21, 0x0, 0x1f, 0xf6, 0x0, 0x4, 0xff,
    0x30, 0x0, 0x7f, 0xf0, 0x0, 0xa, 0xfd, 0x0,
    0x0, 0xdf, 0xa0, 0x0, 0xf, 0xf7, 0x0, 0x3,
    0xff, 0x40, 0x0, 0x6f, 0xf1, 0x0, 0x9, 0xfe,
    0x0, 0x0,

    /* U+00F0 "ð" */
    0x0, 0x5, 0xa2, 0x0, 0x41, 0x0, 0x1b, 0xff,
    0x9d, 0xe3, 0x0, 0x2, 0xdf, 0xfa, 0x0, 0x0,
    0xaf, 0xa9, 0xff, 0x20, 0x0, 0x41, 0x0, 0xdf,
    0x90, 0x0, 0x7c, 0xc9, 0x7f, 0xf0, 0xb, 0xff,
    0xff, 0xff, 0xf2, 0x5f, 0xf8, 0x3, 0xef, 0xf3,
    0xaf, 0xd0, 0x0, 0x9f, 0xf2, 0xbf, 0xb0, 0x0,
    0xaf, 0xe0, 0x8f, 0xf3, 0x5, 0xff, 0x80, 0x1e,
    0xff, 0xff, 0xfc, 0x0, 0x2, 0xae, 0xfd, 0x70,
    0x0,

    /* U+00F1 "ñ" */
    0x0, 0x0, 0xaf, 0xff, 0xfd, 0x0, 0x0, 0x17,
    0x77, 0x76, 0x10, 0x0, 0x0, 0x0, 0x0, 0x0,
    0x0, 0x1f, 0xf7, 0xbf, 0xfb, 0x10, 0x4, 0xff,
    0xff, 0xff, 0xfc, 0x0, 0x7f, 0xfd, 0x54, 0xdf,
    0xf1, 0xa, 0xff, 0x10, 0x7, 0xff, 0x10, 0xdf,
    0xa0, 0x0, 0x8f, 0xf0, 0xf, 0xf7, 0x0, 0xb,
    0xfc, 0x3, 0xff, 0x40, 0x0, 0xef, 0x90, 0x6f,
    0xf1, 0x0, 0x1f, 0xf6, 0x9, 0xfe, 0x0, 0x4,
    0xff, 0x30,

    /* U+00F2 "ò" */
    0x0, 0x3, 0xff, 0x50, 0x0, 0x0, 0x0, 0x3e,
    0xf2, 0x0, 0x0, 0x0, 0x2, 0x63, 0x0, 0x0,
    0x18, 0xdf, 0xea, 0x20, 0x2, 0xef, 0xff, 0xff,
    0xf3, 0xd, 0xfe, 0x52, 0x5f, 0xfb, 0x4f, 0xf5,
    0x0, 0xa, 0xff, 0x7f, 0xf0, 0x0, 0x9, 0xfe,
    0x7f, 0xf1, 0x0, 0xd, 0xfb, 0x4f, 0xfb, 0x23,
    0xbf, 0xf4, 0xb, 0xff, 0xff, 0xff, 0x80, 0x0,
    0x7d, 0xfe, 0xb4, 0x0,

    /* U+00F3 "ó" */
    0x0, 0x0, 0x0, 0x6f, 0xe4, 0x0, 0x0, 0x8,
    0xfa, 0x10, 0x0, 0x0, 0x1, 0x10, 0x0, 0x0,
    0x18, 0xdf, 0xea, 0x20, 0x2, 0xef, 0xff, 0xff,
    0xf3, 0xd, 0xfe, 0x52, 0x5f, 0xfb, 0x4f, 0xf5,
    0x0, 0xa, 0xff, 0x7f, 0xf0, 0x0, 0x9, 0xfe,
    0x7f, 0xf1, 0x0, 0xd, 0xfb, 0x4f, 0xfb, 0x23,
    0xbf, 0xf4, 0xb, 0xff, 0xff, 0xff, 0x80, 0x0,
    0x7d, 0xfe, 0xb4, 0x0,

    /* U+00F4 "ô" */
    0x0, 0x0, 0x3e, 0xff, 0x20, 0x0, 0x4, 0xfb,
    0x3d, 0xd1, 0x0, 0x1, 0x10, 0x0, 0x10, 0x0,
    0x18, 0xdf, 0xea, 0x20, 0x2, 0xef, 0xff, 0xff,
    0xf3, 0xd, 0xfe, 0x52, 0x5f, 0xfb, 0x4f, 0xf5,
    0x0, 0xa, 0xff, 0x7f, 0xf0, 0x0, 0x9, 0xfe,
    0x7f, 0xf1, 0x0, 0xd, 0xfb, 0x4f, 0xfb, 0x23,
    0xbf, 0xf4, 0xb, 0xff, 0xff, 0xff, 0x80, 0x0,
    0x7d, 0xfe, 0xb4, 0x0,

    /* U+00F5 "õ" */
    0x0, 0x3, 0xdf, 0xff, 0xf7, 0x0, 0x4, 0x77,
    0x77, 0x40, 0x0, 0x0, 0x0, 0x0, 0x0, 0x0,
    0x18, 0xdf, 0xea, 0x20, 0x2, 0xef, 0xff, 0xff,
    0xf3, 0xd, 0xfe, 0x52, 0x5f, 0xfb, 0x4f, 0xf5,
    0x0, 0xa, 0xff, 0x7f, 0xf0, 0x0, 0x9, 0xfe,
    0x7f, 0xf1, 0x0, 0xd, 0xfb, 0x4f, 0xfb, 0x23,
    0xbf, 0xf4, 0xb, 0xff, 0xff, 0xff, 0x80, 0x0,
    0x7d, 0xfe, 0xb4, 0x0,

    /* U+00F6 "ö" */
    0x0, 0x0, 0xdc, 0xa, 0xe1, 0x0, 0x2, 0xfd,
    0xe, 0xf1, 0x0, 0x0, 0x21, 0x1, 0x20, 0x0,
    0x18, 0xdf, 0xea, 0x20, 0x2, 0xef, 0xff, 0xff,
    0xf3, 0xd, 0xfe, 0x52, 0x5f, 0xfb, 0x4f, 0xf5,
    0x0, 0xa, 0xff, 0x7f, 0xf0, 0x0, 0x9, 0xfe,
    0x7f, 0xf1, 0x0, 0xd, 0xfb, 0x4f, 0xfb, 0x23,
    0xbf, 0xf4, 0xb, 0xff, 0xff, 0xff, 0x80, 0x0,
    0x7d, 0xfe, 0xb4, 0x0,

    /* U+00F7 "÷" */
    0x0, 0x1, 0xa7, 0x0, 0x0, 0x0, 0x8f, 0xf0,
    0x0, 0x0, 0x5, 0xf9, 0x0, 0x0, 0x0, 0x0,
    0x0, 0x0, 0xaf, 0xff, 0xff, 0xff, 0xd, 0xff,
    0xff, 0xff, 0xc0, 0x0, 0x0, 0x0, 0x0, 0x0,
    0x4, 0xa3, 0x0, 0x0, 0x0, 0xef, 0xa0, 0x0,
    0x0, 0x9, 0xe4, 0x0, 0x0,

    /* U+00F8 "ø" */
    0x0, 0x0, 0x0, 0x1, 0xf5, 0x0, 0x18, 0xdf,
    0xef, 0xd0, 0x2, 0xef, 0xff, 0xff, 0xf3, 0xd,
    0xfe, 0x55, 0xff, 0xfb, 0x4f, 0xf5, 0xd, 0x8a,
    0xff, 0x7f, 0xf0, 0x9c, 0x9, 0xfe, 0x7f, 0xf6,
    0xf2, 0xd, 0xfb, 0x4f, 0xff, 0x93, 0xbf, 0xf4,
    0xb, 0xff, 0xff, 0xff, 0x80, 0x7, 0xfe, 0xfe,
    0xb4, 0x0, 0x2f, 0x40, 0x0, 0x0, 0x0,

    /* U+00F9 "ù" */
    0x0, 0x1, 0xcf, 0xa0, 0x0, 0x0, 0x0, 0x0,
    0xcf, 0x50, 0x0, 0x0, 0x0, 0x0, 0x55, 0x0,
    0x0, 0x2f, 0xf5, 0x0, 0xe, 0xf9, 0x5, 0xff,
    0x20, 0x1, 0xff, 0x60, 0x8f, 0xf0, 0x0, 0x4f,
    0xf3, 0xb, 0xfc, 0x0, 0x7, 0xff, 0x0, 0xef,
    0x90, 0x0, 0xbf, 0xd0, 0xf, 0xf8, 0x0, 0x1f,
    0xfa, 0x0, 0xff, 0xd4, 0x5d, 0xff, 0x70, 0xb,
    0xff, 0xff, 0xff, 0xf4, 0x0, 0x1a, 0xfe, 0xb7,
    0xff, 0x10,

    /* U+00FA "ú" */
    0x0, 0x0, 0x0, 0x3e, 0xf7, 0x0, 0x0, 0x0,
    0x5f, 0xc2, 0x0, 0x0, 0x0, 0x0, 0x0, 0x0,
    0x0, 0x2f, 0xf5, 0x0, 0xe, 0xf9, 0x5, 0xff,
    0x20, 0x1, 0xff, 0x60, 0x8f, 0xf0, 0x0, 0x4f,
    0xf3, 0xb, 0xfc, 0x0, 0x7, 0xff, 0x0, 0xef,
    0x90, 0x0, 0xbf, 0xd0, 0xf, 0xf8, 0x0, 0x1f,
    0xfa, 0x0, 0xff, 0xd4, 0x5d, 0xff, 0x70, 0xb,
    0xff, 0xff, 0xff, 0xf4, 0x0, 0x1a, 0xfe, 0xb7,
    0xff, 0x10,

    /* U+00FB "û" */
    0x0, 0x0, 0x1c, 0xff, 0x60, 0x0, 0x0, 0x2d,
    0xc3, 0x9f, 0x40, 0x0, 0x0, 0x0, 0x0, 0x0,
    0x0, 0x2f, 0xf5, 0x0, 0xe, 0xf9, 0x5, 0xff,
    0x20, 0x1, 0xff, 0x60, 0x8f, 0xf0, 0x0, 0x4f,
    0xf3, 0xb, 0xfc, 0x0, 0x7, 0xff, 0x0, 0xef,
    0x90, 0x0, 0xbf, 0xd0, 0xf, 0xf8, 0x0, 0x1f,
    0xfa, 0x0, 0xff, 0xd4, 0x5d, 0xff, 0x70, 0xb,
    0xff, 0xff, 0xff, 0xf4, 0x0, 0x1a, 0xfe, 0xb7,
    0xff, 0x10,

    /* U+00FC "ü" */
    0x0, 0x0, 0xae, 0x16, 0xf4, 0x0, 0x0, 0xe,
    0xf2, 0xaf, 0x50, 0x0, 0x0, 0x12, 0x0, 0x30,
    0x0, 0x2f, 0xf5, 0x0, 0xe, 0xf9, 0x5, 0xff,
    0x20, 0x1, 0xff, 0x60, 0x8f, 0xf0, 0x0, 0x4f,
    0xf3, 0xb, 0xfc, 0x0, 0x7, 0xff, 0x0, 0xef,
    0x90, 0x0, 0xbf, 0xd0, 0xf, 0xf8, 0x0, 0x1f,
    0xfa, 0x0, 0xff, 0xd4, 0x5d, 0xff, 0x70, 0xb,
    0xff, 0xff, 0xff, 0xf4, 0x0, 0x1a, 0xfe, 0xb7,
    0xff, 0x10,

    /* U+00FD "ý" */
    0x0, 0x0, 0x0, 0x2, 0xdf, 0x80, 0x0, 0x0,
    0x0, 0x3, 0xed, 0x30, 0x0, 0x0, 0x0, 0x0,
    0x0, 0x0, 0x0, 0x0, 0x2, 0xff, 0x50, 0x0,
    0x3f, 0xf4, 0x0, 0xe, 0xf8, 0x0, 0xc, 0xfa,
    0x0, 0x0, 0xbf, 0xc0, 0x6, 0xfe, 0x10, 0x0,
    0x7, 0xff, 0x1, 0xef, 0x60, 0x0, 0x0, 0x3f,
    0xf3, 0xaf, 0xc0, 0x0, 0x0, 0x0, 0xff, 0xaf,
    0xf3, 0x0, 0x0, 0x0, 0xc, 0xff, 0xf8, 0x0,
    0x0, 0x0, 0x0, 0x8f, 0xfe, 0x0, 0x0, 0x0,
    0x0, 0x5, 0xff, 0x50, 0x0, 0x0, 0x4, 0x33,
    0xdf, 0xb0, 0x0, 0x0, 0x1, 0xef, 0xff, 0xe1,
    0x0, 0x0, 0x0, 0x2b, 0xee, 0xa1, 0x0, 0x0,
    0x0, 0x0,

    /* U+00FE "þ" */
    0x0, 0x6, 0xff, 0x10, 0x0, 0x0, 0x0, 0xa,
    0xfd, 0x0, 0x0, 0x0, 0x0, 0xd, 0xfa, 0x0,
    0x0, 0x0, 0x0, 0xf, 0xfa, 0xbf, 0xe9, 0x10,
    0x0, 0x3f, 0xff, 0xff, 0xff, 0xc0, 0x0, 0x6f,
    0xfb, 0x33, 0xaf, 0xf5, 0x0, 0x9f, 0xe0, 0x0,
    0xf, 0xf8, 0x0, 0xdf, 0x90, 0x0, 0xf, 0xf8,
    0x0, 0xff, 0xa0, 0x0, 0x5f, 0xf5, 0x3, 0xff,
    0xf6, 0x25, 0xef, 0xe0, 0x6, 0xff, 0xff, 0xff,
    0xff, 0x30, 0x9, 0xfd, 0x3c, 0xfe, 0xa2, 0x0,
    0xd, 0xfa, 0x0, 0x0, 0x0, 0x0, 0xf, 0xf7,
    0x0, 0x0, 0x0, 0x0, 0x3f, 0xf4, 0x0, 0x0,
    0x0, 0x0,

    /* U+00FF "ÿ" */
    0x0, 0x0, 0x7, 0xf3, 0x4f, 0x60, 0x0, 0x0,
    0x0, 0xbf, 0x47, 0xf8, 0x0, 0x0, 0x0, 0x1,
    0x20, 0x3, 0x0, 0x0, 0x2, 0xff, 0x50, 0x0,
    0x3f, 0xf4, 0x0, 0xe, 0xf8, 0x0, 0xc, 0xfa,
    0x0, 0x0, 0xbf, 0xc0, 0x6, 0xfe, 0x10, 0x0,
    0x7, 0xff, 0x1, 0xef, 0x60, 0x0, 0x0, 0x3f,
    0xf3, 0xaf, 0xc0, 0x0, 0x0, 0x0, 0xff, 0xaf,
    0xf3, 0x0, 0x0, 0x0, 0xc, 0xff, 0xf8, 0x0,
    0x0, 0x0, 0x0, 0x8f, 0xfe, 0x0, 0x0, 0x0,
    0x0, 0x5, 0xff, 0x50, 0x0, 0x0, 0x4, 0x33,
    0xdf, 0xb0, 0x0, 0x0, 0x1, 0xef, 0xff, 0xe1,
    0x0, 0x0, 0x0, 0x2b, 0xee, 0xa1, 0x0, 0x0,
    0x0, 0x0,

    /* U+0100 "Ā" */
    0x0, 0x0, 0x0, 0x1, 0x22, 0x22, 0x20, 0x0,
    0x0, 0x0, 0xf, 0xff, 0xff, 0xe0, 0x0, 0x0,
    0x0, 0x5, 0x55, 0x55, 0x30, 0x0, 0x0, 0x0,
    0x1, 0xff, 0xe0, 0x0, 0x0, 0x0, 0x0, 0xa,
    0xff, 0xf2, 0x0, 0x0, 0x0, 0x0, 0x4f, 0xff,
    0xf5, 0x0, 0x0, 0x0, 0x0, 0xdf, 0xcd, 0xf9,
    0x0, 0x0, 0x0, 0x7, 0xff, 0x3a, 0xfd, 0x0,
    0x0, 0x0, 0x2f, 0xfb, 0x7, 0xff, 0x10, 0x0,
    0x0, 0xbf, 0xf3, 0x4, 0xff, 0x40, 0x0, 0x4,
    0xff, 0xa0, 0x1, 0xff, 0x80, 0x0, 0xd, 0xff,
    0xff, 0xff, 0xff, 0xb0, 0x0, 0x8f, 0xff, 0xff,
    0xff, 0xff, 0xf0, 0x2, 0xff, 0xd0, 0x0, 0x0,
    0x7f, 0xf3, 0xb, 0xff, 0x20, 0x0, 0x0, 0x2f,
    0xf6,

    /* U+0101 "ā" */
    0x0, 0x0, 0xff, 0xff, 0xfe, 0x0, 0x0, 0x17,
    0x77, 0x77, 0x50, 0x0, 0x0, 0x0, 0x0, 0x0,
    0x0, 0x2, 0xae, 0xfc, 0x4d, 0xfa, 0x3, 0xef,
    0xff, 0xff, 0xff, 0x70, 0xdf, 0xe5, 0x26, 0xff,
    0xf4, 0x4f, 0xf5, 0x0, 0x9, 0xff, 0x17, 0xff,
    0x0, 0x0, 0x9f, 0xe0, 0x7f, 0xf1, 0x0, 0xd,
    0xfb, 0x4, 0xff, 0xb3, 0x3b, 0xff, 0x80, 0xc,
    0xff, 0xff, 0xff, 0xf5, 0x0, 0x9, 0xef, 0xb7,
    0xff, 0x20,

    /* U+0102 "Ă" */
    0x0, 0x0, 0x0, 0x0, 0x0, 0x0, 0x0, 0x0,
    0x0, 0x0, 0xb, 0xe3, 0x2c, 0xe0, 0x0, 0x0,
    0x0, 0x3, 0xef, 0xfe, 0x30, 0x0, 0x0, 0x0,
    0x0, 0x3, 0x20, 0x0, 0x0, 0x0, 0x0, 0x1,
    0xff, 0xe0, 0x0, 0x0, 0x0, 0x0, 0xa, 0xff,
    0xf2, 0x0, 0x0, 0x0, 0x0, 0x4f, 0xff, 0xf5,
    0x0, 0x0, 0x0, 0x0, 0xdf, 0xcd, 0xf9, 0x0,
    0x0, 0x0, 0x7, 0xff, 0x3a, 0xfd, 0x0, 0x0,
    0x0, 0x2f, 0xfb, 0x7, 0xff, 0x10, 0x0, 0x0,
    0xbf, 0xf3, 0x4, 0xff, 0x40, 0x0, 0x4, 0xff,
    0xa0, 0x1, 0xff, 0x80, 0x0, 0xd, 0xff, 0xff,
    0xff, 0xff, 0xb0, 0x0, 0x8f, 0xff, 0xff, 0xff,
    0xff, 0xf0, 0x2, 0xff, 0xd0, 0x0, 0x0, 0x7f,
    0xf3, 0xb, 0xff, 0x20, 0x0, 0x0, 0x2f, 0xf6,

    /* U+0103 "ă" */
    0x0, 0x0, 0xaf, 0xff, 0xf9, 0x0, 0x0, 0x0,
    0x24, 0x41, 0x0, 0x0, 0x0, 0x0, 0x0, 0x0,
    0x0, 0x2, 0xae, 0xfc, 0x4d, 0xfa, 0x3, 0xef,
    0xff, 0xff, 0xff, 0x70, 0xdf, 0xe5, 0x26, 0xff,
    0xf4, 0x4f, 0xf5, 0x0, 0x9, 0xff, 0x17, 0xff,
    0x0, 0x0, 0x9f, 0xe0, 0x7f, 0xf1, 0x0, 0xd,
    0xfb, 0x4, 0xff, 0xb3, 0x3b, 0xff, 0x80, 0xc,
    0xff, 0xff, 0xff, 0xf5, 0x0, 0x9, 0xef, 0xb7,
    0xff, 0x20,

    /* U+0104 "Ą" */
    0x0, 0x0, 0x0, 0x1, 0xff, 0xe0, 0x0, 0x0,
    0x0, 0x0, 0xa, 0xff, 0xf2, 0x0, 0x0, 0x0,
    0x0, 0x4f, 0xff, 0xf5, 0x0, 0x0, 0x0, 0x0,
    0xdf, 0xcd, 0xf9, 0x0, 0x0, 0x0, 0x7, 0xff,
    0x3a, 0xfd, 0x0, 0x0, 0x0, 0x2f, 0xfb, 0x7,
    0xff, 0x10, 0x0, 0x0, 0xbf, 0xf3, 0x4, 0xff,
    0x40, 0x0, 0x4, 0xff, 0xa0, 0x1, 0xff, 0x80,
    0x0, 0xd, 0xff, 0xff, 0xff, 0xff, 0xb0, 0x0,
    0x8f, 0xff, 0xff, 0xff, 0xff, 0xf0, 0x2, 0xff,
    0xd0, 0x0, 0x0, 0x7f, 0xf3, 0xb, 0xff, 0x20,
    0x0, 0x0, 0x2f, 0xf8, 0x0, 0x0, 0x0, 0x0,
    0x0, 0x4e, 0x91, 0x0, 0x0, 0x0, 0x0, 0x1,
    0xf8, 0x0, 0x0, 0x0, 0x0, 0x0, 0x4, 0xf8,
    0x20, 0x0, 0x0, 0x0, 0x0, 0x1, 0xef, 0xf3,
    0x0, 0x0, 0x0, 0x0, 0x0, 0x3, 0x20,

    /* U+0105 "ą" */
    0x0, 0x2a, 0xef, 0xc4, 0xdf, 0xa0, 0x3e, 0xff,
    0xff, 0xff, 0xf7, 0xd, 0xfe, 0x52, 0x6f, 0xff,
    0x44, 0xff, 0x50, 0x0, 0x9f, 0xf1, 0x7f, 0xf0,
    0x0, 0x9, 0xfe, 0x7, 0xff, 0x10, 0x0, 0xdf,
    0xb0, 0x4f, 0xfb, 0x33, 0xbf, 0xf8, 0x0, 0xcf,
    0xff, 0xff, 0xff, 0x50, 0x0, 0x9e, 0xfb, 0x9f,
    0xf2, 0x0, 0x0, 0x0, 0x4f, 0x81, 0x0, 0x0,
    0x0, 0xc, 0xe1, 0x10, 0x0, 0x0, 0x0, 0x8f,
    0xfb, 0x0, 0x0, 0x0, 0x0, 0x23, 0x0, 0x0,

    /* U+0106 "Ć" */
    0x0, 0x0, 0x0, 0x0, 0x6f, 0xe4, 0x0, 0x0,
    0x0, 0x0, 0x5f, 0xd2, 0x0, 0x0, 0x0, 0x0,
    0x7, 0x70, 0x0, 0x0, 0x0, 0x3, 0xae, 0xfe,
    0xc6, 0x0, 0x0, 0xa, 0xff, 0xff, 0xff, 0xfb,
    0x0, 0xa, 0xff, 0xd6, 0x46, 0xdf, 0x90, 0x5,
    0xff, 0xb0, 0x0, 0x0, 0x50, 0x0, 0xcf, 0xe1,
    0x0, 0x0, 0x0, 0x0, 0xf, 0xf9, 0x0, 0x0,
    0x0, 0x0, 0x2, 0xff, 0x70, 0x0, 0x0, 0x0,
    0x0, 0x2f, 0xf8, 0x0, 0x0, 0x0, 0x0, 0x0,
    0xef, 0xe1, 0x0, 0x0, 0x60, 0x0, 0x8, 0xff,
    0xe7, 0x56, 0xcf, 0x90, 0x0, 0xb, 0xff, 0xff,
    0xff, 0xf8, 0x0, 0x0, 0x5, 0xbe, 0xfe, 0xa4,
    0x0, 0x0,

    /* U+0107 "ć" */
    0x0, 0x0, 0x0, 0x9f, 0xc2, 0x0, 0x0, 0xb,
    0xf8, 0x0, 0x0, 0x0, 0x1, 0x10, 0x0, 0x0,
    0x18, 0xdf, 0xea, 0x20, 0x2, 0xef, 0xff, 0xff,
    0xe2, 0xd, 0xff, 0x62, 0x5f, 0xc3, 0x4f, 0xf5,
    0x0, 0x1, 0x0, 0x7f, 0xf0, 0x0, 0x0, 0x0,
    0x7f, 0xf1, 0x0, 0x1, 0x0, 0x4f, 0xfb, 0x33,
    0xae, 0x60, 0xb, 0xff, 0xff, 0xff, 0x60, 0x0,
    0x7d, 0xfe, 0xb4, 0x0,

    /* U+0108 "Ĉ" */
    0x0, 0x0, 0x0, 0x1e, 0xfe, 0x10, 0x0, 0x0,
    0x0, 0x1d, 0xe7, 0xfc, 0x0, 0x0, 0x0, 0x5,
    0x71, 0x4, 0x82, 0x0, 0x0, 0x3, 0xae, 0xfe,
    0xc6, 0x0, 0x0, 0xa, 0xff, 0xff, 0xff, 0xfb,
    0x0, 0xa, 0xff, 0xd6, 0x46, 0xdf, 0x90, 0x5,
    0xff, 0xb0, 0x0, 0x0, 0x50, 0x0, 0xcf, 0xe1,
    0x0, 0x0, 0x0, 0x0, 0xf, 0xf9, 0x0, 0x0,
    0x0, 0x0, 0x2, 0xff, 0x70, 0x0, 0x0, 0x0,
    0x0, 0x2f, 0xf8, 0x0, 0x0, 0x0, 0x0, 0x0,
    0xef, 0xe1, 0x0, 0x0, 0x60, 0x0, 0x8, 0xff,
    0xe7, 0x56, 0xcf, 0x90, 0x0, 0xb, 0xff, 0xff,
    0xff, 0xf8, 0x0, 0x0, 0x5, 0xbe, 0xfe, 0xa4,
    0x0, 0x0,

    /* U+0109 "ĉ" */
    0x0, 0x0, 0x5f, 0xfd, 0x0, 0x0, 0x7, 0xf8,
    0x4f, 0xb0, 0x0, 0x1, 0x10, 0x0, 0x10, 0x0,
    0x18, 0xdf, 0xea, 0x20, 0x2, 0xef, 0xff, 0xff,
    0xe2, 0xd, 0xff, 0x62, 0x5f, 0xc3, 0x4f, 0xf5,
    0x0, 0x1, 0x0, 0x7f, 0xf0, 0x0, 0x0, 0x0,
    0x7f, 0xf1, 0x0, 0x1, 0x0, 0x4f, 0xfb, 0x33,
    0xae, 0x60, 0xb, 0xff, 0xff, 0xff, 0x60, 0x0,
    0x7d, 0xfe, 0xb4, 0x0,

    /* U+010A "Ċ" */
    0x0, 0x0, 0x0, 0x4, 0xb5, 0x0, 0x0, 0x0,
    0x0, 0x0, 0xdf, 0xc0, 0x0, 0x0, 0x0, 0x0,
    0x9, 0xf5, 0x0, 0x0, 0x0, 0x0, 0x0, 0x0,
    0x0, 0x0, 0x0, 0x0, 0x3a, 0xef, 0xec, 0x60,
    0x0, 0x0, 0xaf, 0xff, 0xff, 0xff, 0xb0, 0x0,
    0xaf, 0xfd, 0x64, 0x6d, 0xf9, 0x0, 0x5f, 0xfb,
    0x0, 0x0, 0x5, 0x0, 0xc, 0xfe, 0x10, 0x0,
    0x0, 0x0, 0x0, 0xff, 0x90, 0x0, 0x0, 0x0,
    0x0, 0x2f, 0xf7, 0x0, 0x0, 0x0, 0x0, 0x2,
    0xff, 0x80, 0x0, 0x0, 0x0, 0x0, 0xe, 0xfe,
    0x10, 0x0, 0x6, 0x0, 0x0, 0x8f, 0xfe, 0x75,
    0x6c, 0xf9, 0x0, 0x0, 0xbf, 0xff, 0xff, 0xff,
    0x80, 0x0, 0x0, 0x5b, 0xef, 0xea, 0x40, 0x0,

    /* U+010B "ċ" */
    0x0, 0x0, 0x2, 0x71, 0x0, 0x0, 0x0, 0xe,
    0xfa, 0x0, 0x0, 0x0, 0xe, 0xf7, 0x0, 0x0,
    0x0, 0x1, 0x30, 0x0, 0x0, 0x18, 0xdf, 0xea,
    0x20, 0x2, 0xef, 0xff, 0xff, 0xe2, 0xd, 0xff,
    0x62, 0x5f, 0xc3, 0x4f, 0xf5, 0x0, 0x1, 0x0,
    0x7f, 0xf0, 0x0, 0x0, 0x0, 0x7f, 0xf1, 0x0,
    0x1, 0x0, 0x4f, 0xfb, 0x33, 0xae, 0x60, 0xb,
    0xff, 0xff, 0xff, 0x60, 0x0, 0x7d, 0xfe, 0xb4,
    0x0,

    /* U+010C "Č" */
    0x0, 0x0, 0x7, 0xf6, 0x1c, 0xe2, 0x0, 0x0,
    0x0, 0xc, 0xfe, 0xe2, 0x0, 0x0, 0x0, 0x0,
    0x18, 0x83, 0x0, 0x0, 0x0, 0x3, 0xae, 0xfe,
    0xc6, 0x0, 0x0, 0xa, 0xff, 0xff, 0xff, 0xfb,
    0x0, 0xa, 0xff, 0xd6, 0x46, 0xdf, 0x90, 0x5,
    0xff, 0xb0, 0x0, 0x0, 0x50, 0x0, 0xcf, 0xe1,
    0x0, 0x0, 0x0, 0x0, 0xf, 0xf9, 0x0, 0x0,
    0x0, 0x0, 0x2, 0xff, 0x70, 0x0, 0x0, 0x0,
    0x0, 0x2f, 0xf8, 0x0, 0x0, 0x0, 0x0, 0x0,
    0xef, 0xe1, 0x0, 0x0, 0x60, 0x0, 0x8, 0xff,
    0xe7, 0x56, 0xcf, 0x90, 0x0, 0xb, 0xff, 0xff,
    0xff, 0xf8, 0x0, 0x0, 0x5, 0xbe, 0xfe, 0xa4,
    0x0, 0x0,

    /* U+010D "č" */
    0x0, 0x5, 0xf8, 0x2c, 0xe2, 0x0, 0x0, 0x8f,
    0xfc, 0x10, 0x0, 0x0, 0x1, 0x10, 0x0, 0x0,
    0x18, 0xdf, 0xea, 0x20, 0x2, 0xef, 0xff, 0xff,
    0xe2, 0xd, 0xff, 0x62, 0x5f, 0xc3, 0x4f, 0xf5,
    0x0, 0x1, 0x0, 0x7f, 0xf0, 0x0, 0x0, 0x0,
    0x7f, 0xf1, 0x0, 0x1, 0x0, 0x4f, 0xfb, 0x33,
    0xae, 0x60, 0xb, 0xff, 0xff, 0xff, 0x60, 0x0,
    0x7d, 0xfe, 0xb4, 0x0,

    /* U+010E "Ď" */
    0x0, 0x0, 0x3f, 0xa0, 0x9f, 0x50, 0x0, 0x0,
    0x0, 0x8f, 0xef, 0x60, 0x0, 0x0, 0x0, 0x0,
    0x78, 0x50, 0x0, 0x0, 0x6, 0xff, 0xff, 0xfe,
    0xa4, 0x0, 0x0, 0x9f, 0xff, 0xff, 0xff, 0xf8,
    0x0, 0xc, 0xfd, 0x33, 0x47, 0xef, 0xf4, 0x0,
    0xff, 0xa0, 0x0, 0x3, 0xff, 0xa0, 0x2f, 0xf7,
    0x0, 0x0, 0xd, 0xfd, 0x5, 0xff, 0x40, 0x0,
    0x0, 0xcf, 0xd0, 0x8f, 0xf1, 0x0, 0x0, 0xe,
    0xfb, 0xb, 0xfe, 0x0, 0x0, 0x3, 0xff, 0x70,
    0xef, 0xb0, 0x0, 0x1, 0xdf, 0xf1, 0x1f, 0xfa,
    0x33, 0x37, 0xef, 0xf6, 0x4, 0xff, 0xff, 0xff,
    0xff, 0xf7, 0x0, 0x7f, 0xff, 0xff, 0xfd, 0x82,
    0x0, 0x0,

    /* U+010F "ď" */
    0x0, 0x0, 0x0, 0x0, 0x0, 0x0, 0x3f, 0x90,
    0x0, 0x0, 0x0, 0x2, 0xff, 0x56, 0xf4, 0x0,
    0x0, 0x0, 0x0, 0x6f, 0xf2, 0xaf, 0x0, 0x0,
    0x0, 0x0, 0x9, 0xfe, 0x3, 0x40, 0x0, 0x29,
    0xef, 0xc4, 0xcf, 0xb0, 0x0, 0x0, 0x2e, 0xff,
    0xff, 0xff, 0xf8, 0x0, 0x0, 0xd, 0xff, 0x62,
    0x5f, 0xff, 0x50, 0x0, 0x3, 0xff, 0x60, 0x0,
    0x9f, 0xf2, 0x0, 0x0, 0x6f, 0xf1, 0x0, 0x8,
    0xff, 0x0, 0x0, 0x7, 0xff, 0x20, 0x0, 0xdf,
    0xb0, 0x0, 0x0, 0x4f, 0xfb, 0x33, 0xaf, 0xf8,
    0x0, 0x0, 0x0, 0xbf, 0xff, 0xff, 0xff, 0x50,
    0x0, 0x0, 0x0, 0x9e, 0xfc, 0x7f, 0xf2, 0x0,
    0x0, 0x0,

    /* U+0110 "Đ" */
    0x0, 0x3f, 0xff, 0xff, 0xeb, 0x60, 0x0, 0x0,
    0x6f, 0xff, 0xff, 0xff, 0xfb, 0x0, 0x0, 0x9f,
    0xf3, 0x33, 0x6d, 0xff, 0x80, 0x0, 0xbf, 0xd0,
    0x0, 0x1, 0xef, 0xe0, 0x0, 0xef, 0xa0, 0x0,
    0x0, 0x9f, 0xf1, 0x7e, 0xff, 0xfc, 0xc3, 0x0,
    0x8f, 0xf1, 0xcf, 0xff, 0xff, 0xf2, 0x0, 0xaf,
    0xf0, 0x7, 0xff, 0x10, 0x0, 0x1, 0xff, 0xb0,
    0xa, 0xff, 0x0, 0x0, 0xb, 0xff, 0x40, 0xd,
    0xfd, 0x33, 0x36, 0xdf, 0xfa, 0x0, 0xf, 0xff,
    0xff, 0xff, 0xff, 0x90, 0x0, 0x3f, 0xff, 0xff,
    0xfd, 0xa3, 0x0, 0x0,

    /* U+0111 "đ" */
    0x0, 0x0, 0x4, 0xff, 0xff, 0xff, 0x40, 0x0,
    0x0, 0x37, 0x7d, 0xff, 0x91, 0x0, 0x0, 0x0,
    0x0, 0x9f, 0xe0, 0x0, 0x2, 0x9e, 0xfc, 0x4c,
    0xfb, 0x0, 0x2, 0xef, 0xff, 0xff, 0xff, 0x80,
    0x0, 0xdf, 0xf6, 0x25, 0xff, 0xf5, 0x0, 0x3f,
    0xf6, 0x0, 0x9, 0xff, 0x20, 0x6, 0xff, 0x10,
    0x0, 0x8f, 0xf0, 0x0, 0x7f, 0xf2, 0x0, 0xd,
    0xfb, 0x0, 0x4, 0xff, 0xb3, 0x3a, 0xff, 0x80,
    0x0, 0xb, 0xff, 0xff, 0xff, 0xf5, 0x0, 0x0,
    0x9, 0xef, 0xc7, 0xff, 0x20, 0x0,

    /* U+0112 "Ē" */
    0x0, 0x0, 0x2, 0x22, 0x22, 0x0, 0x0, 0x0,
    0x9f, 0xff, 0xff, 0x50, 0x0, 0x0, 0x35, 0x55,
    0x55, 0x10, 0x0, 0x6f, 0xff, 0xff, 0xff, 0xf1,
    0x0, 0x9f, 0xff, 0xff, 0xff, 0xd0, 0x0, 0xcf,
    0xd2, 0x22, 0x22, 0x10, 0x0, 0xff, 0xa0, 0x0,
    0x0, 0x0, 0x2, 0xff, 0x70, 0x0, 0x0, 0x0,
    0x5, 0xff, 0xff, 0xff, 0xf7, 0x0, 0x8, 0xff,
    0xff, 0xff, 0xf4, 0x0, 0xb, 0xfe, 0x11, 0x11,
    0x10, 0x0, 0xe, 0xfb, 0x0, 0x0, 0x0, 0x0,
    0x1f, 0xf9, 0x22, 0x22, 0x21, 0x0, 0x4f, 0xff,
    0xff, 0xff, 0xf6, 0x0, 0x7f, 0xff, 0xff, 0xff,
    0xf3, 0x0,

    /* U+0113 "ē" */
    0x0, 0x9, 0xff, 0xff, 0xf5, 0x0, 0x5, 0x77,
    0x77, 0x71, 0x0, 0x0, 0x0, 0x0, 0x0, 0x0,
    0x19, 0xdf, 0xe9, 0x10, 0x2, 0xef, 0xff, 0xff,
    0xd0, 0xd, 0xfc, 0x10, 0x3e, 0xf6, 0x4f, 0xf9,
    0x88, 0x8d, 0xf9, 0x7f, 0xff, 0xff, 0xff, 0xf9,
    0x7f, 0xf0, 0x0, 0x0, 0x0, 0x4f, 0xfa, 0x21,
    0x59, 0x0, 0xb, 0xff, 0xff, 0xff, 0x40, 0x0,
    0x7d, 0xff, 0xc6, 0x0,

    /* U+0114 "Ĕ" */
    0x0, 0x0, 0x4f, 0x72, 0x7f, 0x60, 0x0, 0x0,
    0xb, 0xff, 0xf9, 0x0, 0x0, 0x0, 0x0, 0x23,
    0x10, 0x0, 0x0, 0x6f, 0xff, 0xff, 0xff, 0xf1,
    0x0, 0x9f, 0xff, 0xff, 0xff, 0xd0, 0x0, 0xcf,
    0xd2, 0x22, 0x22, 0x10, 0x0, 0xff, 0xa0, 0x0,
    0x0, 0x0, 0x2, 0xff, 0x70, 0x0, 0x0, 0x0,
    0x5, 0xff, 0xff, 0xff, 0xf7, 0x0, 0x8, 0xff,
    0xff, 0xff, 0xf4, 0x0, 0xb, 0xfe, 0x11, 0x11,
    0x10, 0x0, 0xe, 0xfb, 0x0, 0x0, 0x0, 0x0,
    0x1f, 0xf9, 0x22, 0x22, 0x21, 0x0, 0x4f, 0xff,
    0xff, 0xff, 0xf6, 0x0, 0x7f, 0xff, 0xff, 0xff,
    0xf3, 0x0,

    /* U+0115 "ĕ" */
    0x0, 0x3, 0xff, 0xff, 0xe2, 0x0, 0x0, 0x13,
    0x43, 0x0, 0x0, 0x0, 0x0, 0x0, 0x0, 0x0,
    0x19, 0xdf, 0xe9, 0x10, 0x2, 0xef, 0xff, 0xff,
    0xd0, 0xd, 0xfc, 0x10, 0x3e, 0xf6, 0x4f, 0xf9,
    0x88, 0x8d, 0xf9, 0x7f, 0xff, 0xff, 0xff, 0xf9,
    0x7f, 0xf0, 0x0, 0x0, 0x0, 0x4f, 0xfa, 0x21,
    0x59, 0x0, 0xb, 0xff, 0xff, 0xff, 0x40, 0x0,
    0x7d, 0xff, 0xc6, 0x0,

    /* U+0116 "Ė" */
    0x0, 0x0, 0x0, 0x8f, 0x60, 0x0, 0x0, 0x0,
    0x0, 0xef, 0xa0, 0x0, 0x0, 0x0, 0x0, 0x7b,
    0x20, 0x0, 0x0, 0x6f, 0xff, 0xff, 0xff, 0xf1,
    0x0, 0x9f, 0xff, 0xff, 0xff, 0xd0, 0x0, 0xcf,
    0xd2, 0x22, 0x22, 0x10, 0x0, 0xff, 0xa0, 0x0,
    0x0, 0x0, 0x2, 0xff, 0x70, 0x0, 0x0, 0x0,
    0x5, 0xff, 0xff, 0xff, 0xf7, 0x0, 0x8, 0xff,
    0xff, 0xff, 0xf4, 0x0, 0xb, 0xfe, 0x11, 0x11,
    0x10, 0x0, 0xe, 0xfb, 0x0, 0x0, 0x0, 0x0,
    0x1f, 0xf9, 0x22, 0x22, 0x21, 0x0, 0x4f, 0xff,
    0xff, 0xff, 0xf6, 0x0, 0x7f, 0xff, 0xff, 0xff,
    0xf3, 0x0,

    /* U+0117 "ė" */
    0x0, 0x0, 0x2, 0x71, 0x0, 0x0, 0x0, 0xd,
    0xfa, 0x0, 0x0, 0x0, 0xd, 0xf7, 0x0, 0x0,
    0x0, 0x1, 0x30, 0x0, 0x0, 0x19, 0xdf, 0xe9,
    0x10, 0x2, 0xef, 0xff, 0xff, 0xd0, 0xd, 0xfc,
    0x10, 0x3e, 0xf6, 0x4f, 0xf9, 0x88, 0x8d, 0xf9,
    0x7f, 0xff, 0xff, 0xff, 0xf9, 0x7f, 0xf0, 0x0,
    0x0, 0x0, 0x4f, 0xfa, 0x21, 0x59, 0x0, 0xb,
    0xff, 0xff, 0xff, 0x40, 0x0, 0x7d, 0xff, 0xc6,
    0x0,

    /* U+0118 "Ę" */
    0x0, 0x6f, 0xff, 0xff, 0xff, 0xf1, 0x0, 0x9f,
    0xff, 0xff, 0xff, 0xd0, 0x0, 0xcf, 0xd2, 0x22,
    0x22, 0x10, 0x0, 0xff, 0xa0, 0x0, 0x0, 0x0,
    0x2, 0xff, 0x70, 0x0, 0x0, 0x0, 0x5, 0xff,
    0xff, 0xff, 0xf7, 0x0, 0x8, 0xff, 0xff, 0xff,
    0xf4, 0x0, 0xb, 0xfe, 0x11, 0x11, 0x10, 0x0,
    0xe, 0xfb, 0x0, 0x0, 0x0, 0x0, 0x1f, 0xf9,
    0x22, 0x22, 0x21, 0x0, 0x4f, 0xff, 0xff, 0xff,
    0xf6, 0x0, 0x7f, 0xff, 0xff, 0xff, 0xf3, 0x0,
    0x0, 0x0, 0x0, 0xbe, 0x50, 0x0, 0x0, 0x0,
    0x7, 0xf2, 0x0, 0x0, 0x0, 0x0, 0xa, 0xf2,
    0x20, 0x0, 0x0, 0x0, 0x5, 0xff, 0xd0, 0x0,
    0x0, 0x0, 0x0, 0x13, 0x0, 0x0,

    /* U+0119 "ę" */
    0x0, 0x19, 0xdf, 0xe9, 0x10, 0x2, 0xef, 0xff,
    0xff, 0xd0, 0xd, 0xfc, 0x10, 0x3e, 0xf6, 0x4f,
    0xf9, 0x88, 0x8d, 0xf9, 0x7f, 0xff, 0xff, 0xff,
    0xf9, 0x7f, 0xf0, 0x0, 0x0, 0x0, 0x4f, 0xfa,
    0x21, 0x59, 0x0, 0xb, 0xff, 0xff, 0xff, 0x40,
    0x0, 0x7d, 0xff, 0xe6, 0x0, 0x0, 0x0, 0x8c,
    0x10, 0x0, 0x0, 0x1, 0xf9, 0x10, 0x0, 0x0,
    0x0, 0xdf, 0xf3, 0x0, 0x0, 0x0, 0x3, 0x20,
    0x0,

    /* U+011A "Ě" */
    0x0, 0x0, 0x8f, 0x51, 0xde, 0x20, 0x0, 0x0,
    0xc, 0xfe, 0xe2, 0x0, 0x0, 0x0, 0x2, 0x88,
    0x20, 0x0, 0x0, 0x6f, 0xff, 0xff, 0xff, 0xf1,
    0x0, 0x9f, 0xff, 0xff, 0xff, 0xd0, 0x0, 0xcf,
    0xd2, 0x22, 0x22, 0x10, 0x0, 0xff, 0xa0, 0x0,
    0x0, 0x0, 0x2, 0xff, 0x70, 0x0, 0x0, 0x0,
    0x5, 0xff, 0xff, 0xff, 0xf7, 0x0, 0x8, 0xff,
    0xff, 0xff, 0xf4, 0x0, 0xb, 0xfe, 0x11, 0x11,
    0x10, 0x0, 0xe, 0xfb, 0x0, 0x0, 0x0, 0x0,
    0x1f, 0xf9, 0x22, 0x22, 0x21, 0x0, 0x4f, 0xff,
    0xff, 0xff, 0xf6, 0x0, 0x7f, 0xff, 0xff, 0xff,
    0xf3, 0x0,

    /* U+011B "ě" */
    0x0, 0x5, 0xf9, 0x2c, 0xe3, 0x0, 0x0, 0x7f,
    0xfd, 0x10, 0x0, 0x0, 0x1, 0x20, 0x0, 0x0,
    0x19, 0xdf, 0xe9, 0x10, 0x2, 0xef, 0xff, 0xff,
    0xd0, 0xd, 0xfc, 0x10, 0x3e, 0xf6, 0x4f, 0xf9,
    0x88, 0x8d, 0xf9, 0x7f, 0xff, 0xff, 0xff, 0xf9,
    0x7f, 0xf0, 0x0, 0x0, 0x0, 0x4f, 0xfa, 0x21,
    0x59, 0x0, 0xb, 0xff, 0xff, 0xff, 0x40, 0x0,
    0x7d, 0xff, 0xc6, 0x0,

    /* U+011C "Ĝ" */
    0x0, 0x0, 0x0, 0x1d, 0xff, 0x20, 0x0, 0x0,
    0x0, 0x1d, 0xe6, 0xfc, 0x0, 0x0, 0x0, 0x5,
    0x72, 0x3, 0x82, 0x0, 0x0, 0x3, 0x9d, 0xff,
    0xc8, 0x0, 0x0, 0x9, 0xff, 0xff, 0xff, 0xfe,
    0x20, 0xa, 0xff, 0xd7, 0x45, 0xaf, 0xd1, 0x5,
    0xff, 0xb0, 0x0, 0x0, 0x40, 0x0, 0xcf, 0xe1,
    0x0, 0x0, 0x0, 0x0, 0xf, 0xf9, 0x0, 0x0,
    0x2, 0x31, 0x2, 0xff, 0x70, 0x0, 0x0, 0xef,
    0x60, 0x2f, 0xf8, 0x0, 0x0, 0x1f, 0xf3, 0x0,
    0xef, 0xe1, 0x0, 0x5, 0xff, 0x0, 0x8, 0xff,
    0xe7, 0x56, 0xcf, 0xd0, 0x0, 0xb, 0xff, 0xff,
    0xff, 0xf8, 0x0, 0x0, 0x5, 0xbe, 0xfe, 0xa4,
    0x0, 0x0,

    /* U+011D "ĝ" */
    0x0, 0x0, 0x1, 0xbf, 0xf6, 0x0, 0x0, 0x0,
    0x2d, 0xd3, 0xaf, 0x40, 0x0, 0x0, 0x11, 0x0,
    0x1, 0x10, 0x0, 0x2, 0xae, 0xfc, 0x49, 0xfc,
    0x0, 0x4f, 0xff, 0xff, 0xfe, 0xf9, 0x0, 0xef,
    0xe5, 0x25, 0xef, 0xf6, 0x4, 0xff, 0x40, 0x0,
    0x8f, 0xf3, 0x6, 0xff, 0x10, 0x0, 0xbf, 0xf0,
    0x5, 0xff, 0x91, 0x17, 0xff, 0xd0, 0x0, 0xdf,
    0xff, 0xff, 0xff, 0x90, 0x0, 0x1b, 0xff, 0xe8,
    0xff, 0x60, 0x0, 0x0, 0x1, 0x7, 0xff, 0x20,
    0x5, 0xc5, 0x22, 0x6f, 0xfa, 0x0, 0xd, 0xff,
    0xff, 0xff, 0xd1, 0x0, 0x3, 0xad, 0xff, 0xd8,
    0x0, 0x0,

    /* U+011E "Ğ" */
    0x0, 0x0, 0x2, 0xf9, 0x25, 0xf7, 0x0, 0x0,
    0x0, 0x9, 0xff, 0xfa, 0x0, 0x0, 0x0, 0x0,
    0x1, 0x31, 0x0, 0x0, 0x0, 0x3, 0x9d, 0xff,
    0xc8, 0x0, 0x0, 0x9, 0xff, 0xff, 0xff, 0xfe,
    0x20, 0xa, 0xff, 0xd7, 0x45, 0xaf, 0xd1, 0x5,
    0xff, 0xb0, 0x0, 0x0, 0x40, 0x0, 0xcf, 0xe1,
    0x0, 0x0, 0x0, 0x0, 0xf, 0xf9, 0x0, 0x0,
    0x2, 0x31, 0x2, 0xff, 0x70, 0x0, 0x0, 0xef,
    0x60, 0x2f, 0xf8, 0x0, 0x0, 0x1f, 0xf3, 0x0,
    0xef, 0xe1, 0x0, 0x5, 0xff, 0x0, 0x8, 0xff,
    0xe7, 0x56, 0xcf, 0xd0, 0x0, 0xb, 0xff, 0xff,
    0xff, 0xf8, 0x0, 0x0, 0x5, 0xbe, 0xfe, 0xa4,
    0x0, 0x0,

    /* U+011F "ğ" */
    0x0, 0x0, 0xc, 0xff, 0xff, 0x80, 0x0, 0x0,
    0x0, 0x34, 0x41, 0x0, 0x0, 0x0, 0x0, 0x0,
    0x0, 0x0, 0x0, 0x2, 0xae, 0xfc, 0x49, 0xfc,
    0x0, 0x4f, 0xff, 0xff, 0xfe, 0xf9, 0x0, 0xef,
    0xe5, 0x25, 0xef, 0xf6, 0x4, 0xff, 0x40, 0x0,
    0x8f, 0xf3, 0x6, 0xff, 0x10, 0x0, 0xbf, 0xf0,
    0x5, 0xff, 0x91, 0x17, 0xff, 0xd0, 0x0, 0xdf,
    0xff, 0xff, 0xff, 0x90, 0x0, 0x1b, 0xff, 0xe8,
    0xff, 0x60, 0x0, 0x0, 0x1, 0x7, 0xff, 0x20,
    0x5, 0xc5, 0x22, 0x6f, 0xfa, 0x0, 0xd, 0xff,
    0xff, 0xff, 0xd1, 0x0, 0x3, 0xad, 0xff, 0xd8,
    0x0, 0x0,

    /* U+0120 "Ġ" */
    0x0, 0x0, 0x0, 0x4, 0xb5, 0x0, 0x0, 0x0,
    0x0, 0x0, 0xcf, 0xc0, 0x0, 0x0, 0x0, 0x0,
    0x8, 0xf6, 0x0, 0x0, 0x0, 0x0, 0x0, 0x0,
    0x0, 0x0, 0x0, 0x0, 0x39, 0xdf, 0xfc, 0x80,
    0x0, 0x0, 0x9f, 0xff, 0xff, 0xff, 0xe2, 0x0,
    0xaf, 0xfd, 0x74, 0x5a, 0xfd, 0x10, 0x5f, 0xfb,
    0x0, 0x0, 0x4, 0x0, 0xc, 0xfe, 0x10, 0x0,
    0x0, 0x0, 0x0, 0xff, 0x90, 0x0, 0x0, 0x23,
    0x10, 0x2f, 0xf7, 0x0, 0x0, 0xe, 0xf6, 0x2,
    0xff, 0x80, 0x0, 0x1, 0xff, 0x30, 0xe, 0xfe,
    0x10, 0x0, 0x5f, 0xf0, 0x0, 0x8f, 0xfe, 0x75,
    0x6c, 0xfd, 0x0, 0x0, 0xbf, 0xff, 0xff, 0xff,
    0x80, 0x0, 0x0, 0x5b, 0xef, 0xea, 0x40, 0x0,

    /* U+0121 "ġ" */
    0x0, 0x0, 0x0, 0x6, 0x40, 0x0, 0x0, 0x0,
    0x0, 0x6f, 0xf1, 0x0, 0x0, 0x0, 0x0, 0x6f,
    0xe0, 0x0, 0x0, 0x0, 0x0, 0x3, 0x10, 0x0,
    0x0, 0x2, 0xae, 0xfc, 0x49, 0xfc, 0x0, 0x4f,
    0xff, 0xff, 0xfe, 0xf9, 0x0, 0xef, 0xe5, 0x25,
    0xef, 0xf6, 0x4, 0xff, 0x40, 0x0, 0x8f, 0xf3,
    0x6, 0xff, 0x10, 0x0, 0xbf, 0xf0, 0x5, 0xff,
    0x91, 0x17, 0xff, 0xd0, 0x0, 0xdf, 0xff, 0xff,
    0xff, 0x90, 0x0, 0x1b, 0xff, 0xe8, 0xff, 0x60,
    0x0, 0x0, 0x1, 0x7, 0xff, 0x20, 0x5, 0xc5,
    0x22, 0x6f, 0xfa, 0x0, 0xd, 0xff, 0xff, 0xff,
    0xd1, 0x0, 0x3, 0xad, 0xff, 0xd8, 0x0, 0x0,

    /* U+0122 "Ģ" */
    0x0, 0x0, 0x39, 0xdf, 0xfc, 0x80, 0x0, 0x0,
    0x9f, 0xff, 0xff, 0xff, 0xe2, 0x0, 0xaf, 0xfd,
    0x74, 0x5a, 0xfd, 0x10, 0x5f, 0xfb, 0x0, 0x0,
    0x4, 0x0, 0xc, 0xfe, 0x10, 0x0, 0x0, 0x0,
    0x0, 0xff, 0x90, 0x0, 0x0, 0x23, 0x10, 0x2f,
    0xf7, 0x0, 0x0, 0xe, 0xf6, 0x2, 0xff, 0x80,
    0x0, 0x1, 0xff, 0x30, 0xe, 0xfe, 0x10, 0x0,
    0x5f, 0xf0, 0x0, 0x8f, 0xfe, 0x75, 0x6c, 0xfd,
    0x0, 0x0, 0xbf, 0xff, 0xff, 0xff, 0x80, 0x0,
    0x0, 0x5b, 0xef, 0xea, 0x40, 0x0, 0x0, 0x0,
    0x0, 0x0, 0x0, 0x0, 0x0, 0x0, 0x9, 0xf3,
    0x0, 0x0, 0x0, 0x0, 0x0, 0xbf, 0x20, 0x0,
    0x0, 0x0, 0x0, 0xb, 0x80, 0x0, 0x0, 0x0,
    0x0, 0x0, 0x20, 0x0, 0x0, 0x0, 0x0,

    /* U+0123 "ģ" */
    0x0, 0x0, 0x0, 0x1, 0x81, 0x0, 0x0, 0x0,
    0x0, 0xb, 0xc0, 0x0, 0x0, 0x0, 0x0, 0x5f,
    0xc0, 0x0, 0x0, 0x0, 0x0, 0x6f, 0xa0, 0x0,
    0x0, 0x0, 0x0, 0x0, 0x0, 0x0, 0x0, 0x2,
    0xae, 0xfc, 0x49, 0xfc, 0x0, 0x4f, 0xff, 0xff,
    0xfe, 0xf9, 0x0, 0xef, 0xe5, 0x25, 0xef, 0xf6,
    0x4, 0xff, 0x40, 0x0, 0x8f, 0xf3, 0x6, 0xff,
    0x10, 0x0, 0xbf, 0xf0, 0x5, 0xff, 0x91, 0x17,
    0xff, 0xd0, 0x0, 0xdf, 0xff, 0xff, 0xff, 0x90,
    0x0, 0x1b, 0xff, 0xe8, 0xff, 0x60, 0x0, 0x0,
    0x1, 0x7, 0xff, 0x20, 0x5, 0xc5, 0x22, 0x6f,
    0xfa, 0x0, 0xd, 0xff, 0xff, 0xff, 0xd1, 0x0,
    0x3, 0xad, 0xff, 0xd8, 0x0, 0x0,

    /* U+0124 "Ĥ" */
    0x0, 0x0, 0x0, 0x3f, 0xfd, 0x0, 0x0, 0x0,
    0x0, 0x3e, 0xd7, 0xf9, 0x0, 0x0, 0x0, 0x6,
    0x70, 0x5, 0x71, 0x0, 0x6, 0xff, 0x30, 0x0,
    0xb, 0xfd, 0x0, 0x9f, 0xf0, 0x0, 0x0, 0xef,
    0xb0, 0xc, 0xfd, 0x0, 0x0, 0xf, 0xf8, 0x0,
    0xff, 0xb0, 0x0, 0x3, 0xff, 0x50, 0x2f, 0xf8,
    0x0, 0x0, 0x6f, 0xf2, 0x5, 0xff, 0xff, 0xff,
    0xff, 0xff, 0x0, 0x8f, 0xff, 0xff, 0xff, 0xff,
    0xc0, 0xb, 0xfe, 0x44, 0x44, 0x4f, 0xf9, 0x0,
    0xef, 0xb0, 0x0, 0x2, 0xff, 0x60, 0x1f, 0xf8,
    0x0, 0x0, 0x6f, 0xf3, 0x4, 0xff, 0x50, 0x0,
    0x9, 0xff, 0x0, 0x7f, 0xf2, 0x0, 0x0, 0xcf,
    0xd0, 0x0,

    /* U+0125 "ĥ" */
    0x0, 0x7, 0x85, 0x0, 0x0, 0x0, 0x9, 0xfe,
    0xf4, 0x0, 0x0, 0x9, 0xf6, 0x1d, 0xe1, 0x0,
    0x0, 0x0, 0x0, 0x0, 0x0, 0x0, 0x0, 0x6f,
    0xf1, 0x0, 0x0, 0x0, 0xa, 0xfd, 0x0, 0x0,
    0x0, 0x0, 0xdf, 0xa0, 0x0, 0x0, 0x0, 0xf,
    0xfa, 0xbe, 0xfa, 0x10, 0x3, 0xff, 0xff, 0xff,
    0xfc, 0x0, 0x6f, 0xfd, 0x54, 0xdf, 0xf1, 0x9,
    0xff, 0x10, 0x7, 0xff, 0x10, 0xdf, 0xa0, 0x0,
    0x8f, 0xf0, 0xf, 0xf7, 0x0, 0xb, 0xfc, 0x3,
    0xff, 0x40, 0x0, 0xef, 0x90, 0x6f, 0xf1, 0x0,
    0x1f, 0xf6, 0x9, 0xfe, 0x0, 0x4, 0xff, 0x30,

    /* U+0126 "Ħ" */
    0x0, 0xf, 0xf8, 0x0, 0x0, 0x6f, 0xf3, 0x0,
    0x3, 0xff, 0x60, 0x0, 0x8, 0xff, 0x0, 0xc,
    0xff, 0xff, 0xff, 0xff, 0xff, 0xff, 0x50, 0xce,
    0xff, 0xcc, 0xcc, 0xcf, 0xfe, 0xc2, 0x0, 0xcf,
    0xd0, 0x0, 0x1, 0xff, 0x80, 0x0, 0xf, 0xff,
    0xff, 0xff, 0xff, 0xf5, 0x0, 0x2, 0xff, 0xff,
    0xff, 0xff, 0xff, 0x20, 0x0, 0x5f, 0xf5, 0x33,
    0x33, 0xcf, 0xe0, 0x0, 0x8, 0xff, 0x0, 0x0,
    0xe, 0xfb, 0x0, 0x0, 0xbf, 0xd0, 0x0, 0x1,
    0xff, 0x80, 0x0, 0xe, 0xfa, 0x0, 0x0, 0x4f,
    0xf5, 0x0, 0x2, 0xff, 0x70, 0x0, 0x7, 0xff,
    0x20, 0x0,

    /* U+0127 "ħ" */
    0xd, 0xff, 0xff, 0xfa, 0x0, 0x0, 0x7e, 0xfd,
    0x77, 0x30, 0x0, 0x0, 0xef, 0xa0, 0x0, 0x0,
    0x0, 0x1f, 0xfa, 0xae, 0xfb, 0x20, 0x4, 0xff,
    0xff, 0xff, 0xfd, 0x0, 0x7f, 0xfd, 0x54, 0xcf,
    0xf3, 0x9, 0xff, 0x20, 0x5, 0xff, 0x30, 0xcf,
    0xc0, 0x0, 0x7f, 0xf1, 0xf, 0xf9, 0x0, 0xa,
    0xfd, 0x2, 0xff, 0x60, 0x0, 0xdf, 0xa0, 0x5f,
    0xf2, 0x0, 0xf, 0xf7, 0x8, 0xff, 0x0, 0x3,
    0xff, 0x40,

    /* U+0128 "Ĩ" */
    0x0, 0x1, 0x0, 0x10, 0x0, 0x8f, 0xc4, 0xf4,
    0x0, 0xf8, 0xdf, 0xd0, 0x0, 0x50, 0x4, 0x0,
    0x0, 0x6f, 0xf3, 0x0, 0x0, 0x9f, 0xf0, 0x0,
    0x0, 0xcf, 0xd0, 0x0, 0x0, 0xff, 0xa0, 0x0,
    0x2, 0xff, 0x70, 0x0, 0x5, 0xff, 0x40, 0x0,
    0x8, 0xff, 0x10, 0x0, 0xb, 0xfe, 0x0, 0x0,
    0xe, 0xfb, 0x0, 0x0, 0x1f, 0xf8, 0x0, 0x0,
    0x4f, 0xf5, 0x0, 0x0, 0x7f, 0xf2, 0x0, 0x0,

    /* U+0129 "ĩ" */
    0x8, 0xff, 0xff, 0x40, 0x77, 0x77, 0x40, 0x0,
    0x0, 0x0, 0x0, 0x1f, 0xf6, 0x0, 0x4, 0xff,
    0x30, 0x0, 0x7f, 0xf0, 0x0, 0xa, 0xfd, 0x0,
    0x0, 0xdf, 0xa0, 0x0, 0xf, 0xf7, 0x0, 0x3,
    0xff, 0x40, 0x0, 0x6f, 0xf1, 0x0, 0x9, 0xfe,
    0x0, 0x0,

    /* U+012A "Ī" */
    0x0, 0x12, 0x22, 0x10, 0xf, 0xff, 0xfd, 0x0,
    0x55, 0x55, 0x30, 0x6, 0xff, 0x30, 0x0, 0x9f,
    0xf0, 0x0, 0xc, 0xfd, 0x0, 0x0, 0xff, 0xa0,
    0x0, 0x2f, 0xf7, 0x0, 0x5, 0xff, 0x40, 0x0,
    0x8f, 0xf1, 0x0, 0xb, 0xfe, 0x0, 0x0, 0xef,
    0xb0, 0x0, 0x1f, 0xf8, 0x0, 0x4, 0xff, 0x50,
    0x0, 0x7f, 0xf2, 0x0, 0x0,

    /* U+012B "ī" */
    0xa, 0xff, 0xff, 0x20, 0x57, 0x77, 0x70, 0x0,
    0x0, 0x0, 0x0, 0x1f, 0xf6, 0x0, 0x4, 0xff,
    0x30, 0x0, 0x7f, 0xf0, 0x0, 0xa, 0xfd, 0x0,
    0x0, 0xdf, 0xa0, 0x0, 0xf, 0xf7, 0x0, 0x3,
    0xff, 0x40, 0x0, 0x6f, 0xf1, 0x0, 0x9, 0xfe,
    0x0, 0x0,

    /* U+012C "Ĭ" */
    0x3, 0xf8, 0x26, 0xf7, 0x0, 0xaf, 0xff, 0xa0,
    0x0, 0x2, 0x31, 0x0, 0x0, 0x6f, 0xf3, 0x0,
    0x0, 0x9f, 0xf0, 0x0, 0x0, 0xcf, 0xd0, 0x0,
    0x0, 0xff, 0xa0, 0x0, 0x2, 0xff, 0x70, 0x0,
    0x5, 0xff, 0x40, 0x0, 0x8, 0xff, 0x10, 0x0,
    0xb, 0xfe, 0x0, 0x0, 0xe, 0xfb, 0x0, 0x0,
    0x1f, 0xf8, 0x0, 0x0, 0x4f, 0xf5, 0x0, 0x0,
    0x7f, 0xf2, 0x0, 0x0,

    /* U+012D "ĭ" */
    0x7, 0xff, 0xfe, 0x20, 0x2, 0x43, 0x0, 0x0,
    0x0, 0x0, 0x0, 0x1f, 0xf6, 0x0, 0x4, 0xff,
    0x30, 0x0, 0x7f, 0xf0, 0x0, 0xa, 0xfd, 0x0,
    0x0, 0xdf, 0xa0, 0x0, 0xf, 0xf7, 0x0, 0x3,
    0xff, 0x40, 0x0, 0x6f, 0xf1, 0x0, 0x9, 0xfe,
    0x0, 0x0,

    /* U+012E "Į" */
    0x0, 0x6f, 0xf3, 0x0, 0x9f, 0xf0, 0x0, 0xcf,
    0xd0, 0x0, 0xff, 0xa0, 0x2, 0xff, 0x70, 0x5,
    0xff, 0x40, 0x8, 0xff, 0x10, 0xb, 0xfe, 0x0,
    0xe, 0xfb, 0x0, 0x1f, 0xf8, 0x0, 0x4f, 0xf5,
    0x0, 0x7f, 0xf2, 0x0, 0x2e, 0x90, 0x0, 0xbe,
    0x0, 0x0, 0xec, 0x10, 0x0, 0xaf, 0xd0, 0x0,
    0x3, 0x10, 0x0,

    /* U+012F "į" */
    0x0, 0x0, 0x65, 0x0, 0x0, 0xaf, 0xf4, 0x0,
    0xa, 0xff, 0x20, 0x0, 0x4, 0x20, 0x0, 0x1f,
    0xf6, 0x0, 0x4, 0xff, 0x30, 0x0, 0x7f, 0xf0,
    0x0, 0xa, 0xfd, 0x0, 0x0, 0xdf, 0xa0, 0x0,
    0xf, 0xf7, 0x0, 0x3, 0xff, 0x40, 0x0, 0x6f,
    0xf1, 0x0, 0x9, 0xff, 0x0, 0x0, 0x6f, 0x40,
    0x0, 0xf, 0x90, 0x0, 0x3, 0xf8, 0x10, 0x0,
    0xd, 0xf9, 0x0, 0x0, 0x3, 0x0, 0x0,

    /* U+0130 "İ" */
    0x0, 0x7, 0xf7, 0x0, 0xd, 0xfc, 0x0, 0x6,
    0xb3, 0x0, 0x6f, 0xf3, 0x0, 0x9f, 0xf0, 0x0,
    0xcf, 0xd0, 0x0, 0xff, 0xa0, 0x2, 0xff, 0x70,
    0x5, 0xff, 0x40, 0x8, 0xff, 0x10, 0xb, 0xfe,
    0x0, 0xe, 0xfb, 0x0, 0x1f, 0xf8, 0x0, 0x4f,
    0xf5, 0x0, 0x7f, 0xf2, 0x0,

    /* U+0131 "ı" */
    0x1, 0xff, 0x60, 0x4f, 0xf3, 0x7, 0xff, 0x0,
    0xaf, 0xd0, 0xd, 0xfa, 0x0, 0xff, 0x70, 0x3f,
    0xf4, 0x6, 0xff, 0x10, 0x9f, 0xe0, 0x0,

    /* U+0132 "Ĳ" */
    0x0, 0x7f, 0xf1, 0x0, 0xf, 0xfa, 0x0, 0xbf,
    0xe0, 0x0, 0x2f, 0xf7, 0x0, 0xef, 0xb0, 0x0,
    0x5f, 0xf4, 0x1, 0xff, 0x80, 0x0, 0x8f, 0xf1,
    0x4, 0xff, 0x50, 0x0, 0xbf, 0xe0, 0x7, 0xff,
    0x20, 0x0, 0xef, 0xa0, 0x2, 0x33, 0x0, 0x1,
    0xff, 0x70, 0x0, 0x0, 0x0, 0x5, 0xff, 0x40,
    0x2, 0x0, 0x0, 0xc, 0xfe, 0x0, 0xe, 0xd7,
    0x45, 0xbf, 0xf7, 0x0, 0x6f, 0xff, 0xff, 0xff,
    0xa0, 0x0, 0x5, 0xbe, 0xff, 0xc6, 0x0, 0x0,

    /* U+0133 "ĳ" */
    0x0, 0x6, 0x50, 0x1, 0x74, 0x0, 0xa, 0xff,
    0x40, 0xbf, 0xf2, 0x0, 0xaf, 0xf2, 0xb, 0xff,
    0x10, 0x0, 0x42, 0x0, 0x15, 0x10, 0x1, 0xff,
    0x60, 0x3f, 0xf4, 0x0, 0x4f, 0xf3, 0x6, 0xff,
    0x10, 0x7, 0xff, 0x0, 0x9f, 0xe0, 0x0, 0xaf,
    0xd0, 0xc, 0xfb, 0x0, 0xd, 0xfa, 0x0, 0xff,
    0x80, 0x0, 0xff, 0x70, 0x2f, 0xf5, 0x0, 0x3f,
    0xf4, 0x6, 0xff, 0x20, 0x6, 0xff, 0x10, 0x9f,
    0xe0, 0x0, 0x9f, 0xe0, 0xc, 0xfb, 0x0, 0x0,
    0x0, 0x23, 0xff, 0x60, 0x0, 0x0, 0x8f, 0xff,
    0xd1, 0x0, 0x0, 0xb, 0xfe, 0xa2, 0x0, 0x0,

    /* U+0134 "Ĵ" */
    0x0, 0x0, 0x6, 0xff, 0x90, 0x0, 0x0, 0x6,
    0xfa, 0xaf, 0x50, 0x0, 0x1, 0x76, 0x0, 0x77,
    0x0, 0x0, 0xcf, 0xff, 0xff, 0xb0, 0x0, 0xf,
    0xff, 0xff, 0xf8, 0x0, 0x0, 0x22, 0x25, 0xff,
    0x50, 0x0, 0x0, 0x0, 0x6f, 0xf2, 0x0, 0x0,
    0x0, 0x9, 0xff, 0x0, 0x0, 0x0, 0x0, 0xcf,
    0xc0, 0x0, 0x0, 0x0, 0xf, 0xf9, 0x0, 0x0,
    0x0, 0x2, 0xff, 0x60, 0x0, 0x20, 0x0, 0x6f,
    0xf2, 0x0, 0x2e, 0xb4, 0x5e, 0xfd, 0x0, 0x8,
    0xff, 0xff, 0xff, 0x40, 0x0, 0x7, 0xdf, 0xeb,
    0x30, 0x0, 0x0,

    /* U+0135 "ĵ" */
    0x0, 0x0, 0x9, 0xff, 0x40, 0x0, 0x0, 0x7f,
    0x8e, 0xd0, 0x0, 0x0, 0x54, 0x2, 0x61, 0x0,
    0x0, 0xf, 0xf8, 0x0, 0x0, 0x0, 0x3f, 0xf4,
    0x0, 0x0, 0x0, 0x6f, 0xf1, 0x0, 0x0, 0x0,
    0x9f, 0xe0, 0x0, 0x0, 0x0, 0xcf, 0xb0, 0x0,
    0x0, 0x0, 0xff, 0x80, 0x0, 0x0, 0x2, 0xff,
    0x50, 0x0, 0x0, 0x6, 0xff, 0x10, 0x0, 0x0,
    0x9, 0xfe, 0x0, 0x0, 0x2, 0x2e, 0xf9, 0x0,
    0x0, 0x5f, 0xff, 0xf2, 0x0, 0x0, 0x8e, 0xfc,
    0x30, 0x0, 0x0,

    /* U+0136 "Ķ" */
    0x0, 0x6f, 0xf2, 0x0, 0x7, 0xff, 0xa0, 0x0,
    0x9f, 0xf0, 0x0, 0x8f, 0xf9, 0x0, 0x0, 0xcf,
    0xc0, 0x9, 0xff, 0x80, 0x0, 0x0, 0xff, 0x90,
    0x9f, 0xf7, 0x0, 0x0, 0x2, 0xff, 0x7a, 0xff,
    0x70, 0x0, 0x0, 0x5, 0xff, 0xef, 0xf8, 0x0,
    0x0, 0x0, 0x8, 0xff, 0xff, 0xfd, 0x0, 0x0,
    0x0, 0xb, 0xff, 0xfa, 0xff, 0x80, 0x0, 0x0,
    0xe, 0xfe, 0x30, 0xdf, 0xf2, 0x0, 0x0, 0x1f,
    0xf7, 0x0, 0x4f, 0xfb, 0x0, 0x0, 0x4f, 0xf5,
    0x0, 0xa, 0xff, 0x40, 0x0, 0x7f, 0xf2, 0x0,
    0x1, 0xef, 0xd0, 0x0, 0x0, 0x0, 0x0, 0x0,
    0x0, 0x0, 0x0, 0x0, 0x2, 0xeb, 0x0, 0x0,
    0x0, 0x0, 0x0, 0x2, 0xfb, 0x0, 0x0, 0x0,
    0x0, 0x0, 0x3, 0xf2, 0x0, 0x0, 0x0, 0x0,
    0x0, 0x1, 0x20, 0x0, 0x0, 0x0, 0x0,

    /* U+0137 "ķ" */
    0x0, 0x6f, 0xf1, 0x0, 0x0, 0x0, 0x0, 0xaf,
    0xd0, 0x0, 0x0, 0x0, 0x0, 0xdf, 0xa0, 0x0,
    0x0, 0x0, 0x0, 0xff, 0x70, 0x9, 0xff, 0x90,
    0x3, 0xff, 0x40, 0xbf, 0xf8, 0x0, 0x6, 0xff,
    0x2d, 0xff, 0x50, 0x0, 0x9, 0xff, 0xef, 0xf4,
    0x0, 0x0, 0xd, 0xff, 0xff, 0xf1, 0x0, 0x0,
    0xf, 0xff, 0xcf, 0xfa, 0x0, 0x0, 0x3f, 0xf9,
    0xa, 0xff, 0x30, 0x0, 0x6f, 0xf1, 0x2, 0xff,
    0xc0, 0x0, 0x9f, 0xe0, 0x0, 0x8f, 0xf6, 0x0,
    0x0, 0x0, 0x0, 0x0, 0x0, 0x0, 0x0, 0x2e,
    0xb0, 0x0, 0x0, 0x0, 0x0, 0x2f, 0xb0, 0x0,
    0x0, 0x0, 0x0, 0x2f, 0x20, 0x0, 0x0, 0x0,
    0x0, 0x12, 0x0, 0x0, 0x0, 0x0,

    /* U+0138 "ĸ" */
    0x1, 0xff, 0x60, 0x9, 0xff, 0x90, 0x4, 0xff,
    0x30, 0xbf, 0xf8, 0x0, 0x7, 0xff, 0x2d, 0xff,
    0x50, 0x0, 0xa, 0xff, 0xef, 0xf4, 0x0, 0x0,
    0xd, 0xff, 0xff, 0xf1, 0x0, 0x0, 0xf, 0xff,
    0xcf, 0xfa, 0x0, 0x0, 0x3f, 0xf9, 0xa, 0xff,
    0x30, 0x0, 0x6f, 0xf1, 0x2, 0xff, 0xc0, 0x0,
    0x9f, 0xe0, 0x0, 0x8f, 0xf6, 0x0,

    /* U+0139 "Ĺ" */
    0x0, 0x0, 0x6f, 0xe4, 0x0, 0x0, 0x5, 0xfd,
    0x20, 0x0, 0x0, 0x7, 0x70, 0x0, 0x0, 0x0,
    0x6f, 0xf3, 0x0, 0x0, 0x0, 0x9f, 0xf0, 0x0,
    0x0, 0x0, 0xcf, 0xd0, 0x0, 0x0, 0x0, 0xff,
    0xa0, 0x0, 0x0, 0x2, 0xff, 0x70, 0x0, 0x0,
    0x5, 0xff, 0x40, 0x0, 0x0, 0x8, 0xff, 0x10,
    0x0, 0x0, 0xb, 0xfe, 0x0, 0x0, 0x0, 0xe,
    0xfb, 0x0, 0x0, 0x0, 0x1f, 0xfa, 0x22, 0x22,
    0x20, 0x4f, 0xff, 0xff, 0xff, 0xf0, 0x7f, 0xff,
    0xff, 0xff, 0xc0,

    /* U+013A "ĺ" */
    0x0, 0x0, 0x28, 0x83, 0x0, 0x1, 0xdf, 0x70,
    0x0, 0x1d, 0xe4, 0x0, 0x0, 0x0, 0x0, 0x0,
    0x0, 0x6f, 0xf1, 0x0, 0x0, 0xaf, 0xd0, 0x0,
    0x0, 0xdf, 0xa0, 0x0, 0x0, 0xff, 0x70, 0x0,
    0x3, 0xff, 0x40, 0x0, 0x6, 0xff, 0x10, 0x0,
    0x9, 0xfe, 0x0, 0x0, 0xd, 0xfa, 0x0, 0x0,
    0xf, 0xf7, 0x0, 0x0, 0x3f, 0xf4, 0x0, 0x0,
    0x6f, 0xf1, 0x0, 0x0, 0x9f, 0xe0, 0x0, 0x0,

    /* U+013B "Ļ" */
    0x0, 0x6f, 0xf3, 0x0, 0x0, 0x0, 0x9f, 0xf0,
    0x0, 0x0, 0x0, 0xcf, 0xd0, 0x0, 0x0, 0x0,
    0xff, 0xa0, 0x0, 0x0, 0x2, 0xff, 0x70, 0x0,
    0x0, 0x5, 0xff, 0x40, 0x0, 0x0, 0x8, 0xff,
    0x10, 0x0, 0x0, 0xb, 0xfe, 0x0, 0x0, 0x0,
    0xe, 0xfb, 0x0, 0x0, 0x0, 0x1f, 0xfa, 0x22,
    0x22, 0x20, 0x4f, 0xff, 0xff, 0xff, 0xf0, 0x7f,
    0xff, 0xff, 0xff, 0xc0, 0x0, 0x0, 0x0, 0x0,
    0x0, 0x0, 0x8, 0xf4, 0x0, 0x0, 0x0, 0x9,
    0xf3, 0x0, 0x0, 0x0, 0xa, 0xa0, 0x0, 0x0,
    0x0, 0x2, 0x0, 0x0, 0x0,

    /* U+013C "ļ" */
    0x0, 0x6, 0xff, 0x10, 0x0, 0xaf, 0xd0, 0x0,
    0xd, 0xfa, 0x0, 0x0, 0xff, 0x70, 0x0, 0x3f,
    0xf4, 0x0, 0x6, 0xff, 0x10, 0x0, 0x9f, 0xe0,
    0x0, 0xd, 0xfa, 0x0, 0x0, 0xff, 0x70, 0x0,
    0x3f, 0xf4, 0x0, 0x6, 0xff, 0x10, 0x0, 0x9f,
    0xe0, 0x0, 0x0, 0x0, 0x0, 0x0, 0xbe, 0x10,
    0x0, 0xd, 0xf1, 0x0, 0x0, 0xd6, 0x0, 0x0,
    0x2, 0x0, 0x0, 0x0,

    /* U+013D "Ľ" */
    0x0, 0x6f, 0xf3, 0x0, 0xaf, 0x20, 0x9, 0xff,
    0x0, 0xd, 0xd0, 0x0, 0xcf, 0xd0, 0x1, 0xf8,
    0x0, 0xf, 0xfa, 0x0, 0x5, 0x10, 0x2, 0xff,
    0x70, 0x0, 0x0, 0x0, 0x5f, 0xf4, 0x0, 0x0,
    0x0, 0x8, 0xff, 0x10, 0x0, 0x0, 0x0, 0xbf,
    0xe0, 0x0, 0x0, 0x0, 0xe, 0xfb, 0x0, 0x0,
    0x0, 0x1, 0xff, 0xa2, 0x22, 0x22, 0x0, 0x4f,
    0xff, 0xff, 0xff, 0xf0, 0x7, 0xff, 0xff, 0xff,
    0xfc, 0x0,

    /* U+013E "ľ" */
    0x0, 0x0, 0x0, 0x8f, 0x40, 0x6, 0xff, 0x1b,
    0xf0, 0x0, 0xaf, 0xd0, 0xeb, 0x0, 0xd, 0xfa,
    0x5, 0x20, 0x0, 0xff, 0x70, 0x0, 0x0, 0x3f,
    0xf4, 0x0, 0x0, 0x6, 0xff, 0x10, 0x0, 0x0,
    0x9f, 0xe0, 0x0, 0x0, 0xd, 0xfa, 0x0, 0x0,
    0x0, 0xff, 0x70, 0x0, 0x0, 0x3f, 0xf4, 0x0,
    0x0, 0x6, 0xff, 0x10, 0x0, 0x0, 0x9f, 0xe0,
    0x0, 0x0, 0x0,

    /* U+013F "Ŀ" */
    0x0, 0x6f, 0xf3, 0x0, 0x0, 0x0, 0x9f, 0xf0,
    0x0, 0x0, 0x0, 0xcf, 0xd0, 0x0, 0x0, 0x0,
    0xff, 0xa0, 0x0, 0x0, 0x2, 0xff, 0x70, 0x1d,
    0xd1, 0x5, 0xff, 0x40, 0x6f, 0xf3, 0x8, 0xff,
    0x10, 0x2c, 0xa0, 0xb, 0xfe, 0x0, 0x0, 0x0,
    0xe, 0xfb, 0x0, 0x0, 0x0, 0x1f, 0xfa, 0x22,
    0x22, 0x20, 0x4f, 0xff, 0xff, 0xff, 0xf0, 0x7f,
    0xff, 0xff, 0xff, 0xc0,

    /* U+0140 "ŀ" */
    0x0, 0x6f, 0xf1, 0x0, 0x0, 0xaf, 0xd0, 0x0,
    0x0, 0xdf, 0xa0, 0x0, 0x0, 0xff, 0x70, 0x0,
    0x3, 0xff, 0x45, 0x70, 0x6, 0xff, 0x3f, 0xf4,
    0x9, 0xfe, 0xd, 0xd1, 0xd, 0xfa, 0x0, 0x0,
    0xf, 0xf7, 0x0, 0x0, 0x3f, 0xf4, 0x0, 0x0,
    0x6f, 0xf1, 0x0, 0x0, 0x9f, 0xe0, 0x0, 0x0,

    /* U+0141 "Ł" */
    0x0, 0x3, 0xff, 0x60, 0x0, 0x0, 0x0, 0x6f,
    0xf3, 0x0, 0x0, 0x0, 0x9, 0xff, 0x13, 0x0,
    0x0, 0x0, 0xbf, 0xfd, 0xf1, 0x0, 0x0, 0xe,
    0xff, 0xe5, 0x0, 0x0, 0x3, 0xff, 0xf1, 0x0,
    0x0, 0x4, 0xff, 0xf5, 0x0, 0x0, 0x3, 0xff,
    0xff, 0x20, 0x0, 0x0, 0x5, 0xbf, 0xf0, 0x0,
    0x0, 0x0, 0xd, 0xfd, 0x22, 0x22, 0x20, 0x0,
    0xff, 0xff, 0xff, 0xff, 0x20, 0x3f, 0xff, 0xff,
    0xff, 0xf0,

    /* U+0142 "ł" */
    0x0, 0x0, 0xff, 0x70, 0x0, 0x3, 0xff, 0x40,
    0x0, 0x6, 0xff, 0x0, 0x0, 0xa, 0xfd, 0x10,
    0x0, 0xd, 0xff, 0xf3, 0x0, 0xf, 0xff, 0x90,
    0x0, 0xcf, 0xf8, 0x0, 0x1d, 0xff, 0xf1, 0x0,
    0xa, 0xef, 0xd0, 0x0, 0x0, 0xdf, 0xa0, 0x0,
    0x0, 0xff, 0x70, 0x0, 0x3, 0xff, 0x40, 0x0,

    /* U+0143 "Ń" */
    0x0, 0x0, 0x0, 0x0, 0x8f, 0xd3, 0x0, 0x0,
    0x0, 0x0, 0x8f, 0xb1, 0x0, 0x0, 0x0, 0x0,
    0x17, 0x60, 0x0, 0x0, 0x6, 0xff, 0x20, 0x0,
    0xa, 0xfd, 0x0, 0x9f, 0xfa, 0x0, 0x0, 0xdf,
    0xb0, 0xc, 0xff, 0xf3, 0x0, 0xf, 0xf8, 0x0,
    0xff, 0xff, 0xc0, 0x3, 0xff, 0x50, 0x2f, 0xfe,
    0xff, 0x50, 0x6f, 0xf2, 0x5, 0xff, 0x4e, 0xfd,
    0x9, 0xff, 0x0, 0x8f, 0xf0, 0x7f, 0xf7, 0xcf,
    0xc0, 0xb, 0xfd, 0x0, 0xdf, 0xef, 0xf9, 0x0,
    0xef, 0xa0, 0x5, 0xff, 0xff, 0x60, 0x1f, 0xf7,
    0x0, 0xc, 0xff, 0xf3, 0x4, 0xff, 0x40, 0x0,
    0x3f, 0xff, 0x0, 0x7f, 0xf1, 0x0, 0x0, 0xaf,
    0xd0, 0x0,

    /* U+0144 "ń" */
    0x0, 0x0, 0x0, 0x2d, 0xf8, 0x0, 0x0, 0x0,
    0x3e, 0xd3, 0x0, 0x0, 0x0, 0x1, 0x10, 0x0,
    0x0, 0x1f, 0xf7, 0xbf, 0xfb, 0x10, 0x4, 0xff,
    0xff, 0xff, 0xfc, 0x0, 0x7f, 0xfd, 0x54, 0xdf,
    0xf1, 0xa, 0xff, 0x10, 0x7, 0xff, 0x10, 0xdf,
    0xa0, 0x0, 0x8f, 0xf0, 0xf, 0xf7, 0x0, 0xb,
    0xfc, 0x3, 0xff, 0x40, 0x0, 0xef, 0x90, 0x6f,
    0xf1, 0x0, 0x1f, 0xf6, 0x9, 0xfe, 0x0, 0x4,
    0xff, 0x30,

    /* U+0145 "Ņ" */
    0x0, 0x6f, 0xf2, 0x0, 0x0, 0xaf, 0xd0, 0x9,
    0xff, 0xa0, 0x0, 0xd, 0xfb, 0x0, 0xcf, 0xff,
    0x30, 0x0, 0xff, 0x80, 0xf, 0xff, 0xfc, 0x0,
    0x3f, 0xf5, 0x2, 0xff, 0xef, 0xf5, 0x6, 0xff,
    0x20, 0x5f, 0xf4, 0xef, 0xd0, 0x9f, 0xf0, 0x8,
    0xff, 0x7, 0xff, 0x7c, 0xfc, 0x0, 0xbf, 0xd0,
    0xd, 0xfe, 0xff, 0x90, 0xe, 0xfa, 0x0, 0x5f,
    0xff, 0xf6, 0x1, 0xff, 0x70, 0x0, 0xcf, 0xff,
    0x30, 0x4f, 0xf4, 0x0, 0x3, 0xff, 0xf0, 0x7,
    0xff, 0x10, 0x0, 0xa, 0xfd, 0x0, 0x0, 0x0,
    0x0, 0x0, 0x0, 0x0, 0x0, 0x0, 0xa, 0xe2,
    0x0, 0x0, 0x0, 0x0, 0x0, 0xcf, 0x10, 0x0,
    0x0, 0x0, 0x0, 0xc, 0x80, 0x0, 0x0, 0x0,
    0x0, 0x0, 0x30, 0x0, 0x0, 0x0, 0x0,

    /* U+0146 "ņ" */
    0x1, 0xff, 0x7b, 0xff, 0xb1, 0x0, 0x4f, 0xff,
    0xff, 0xff, 0xc0, 0x7, 0xff, 0xd5, 0x4d, 0xff,
    0x10, 0xaf, 0xf1, 0x0, 0x7f, 0xf1, 0xd, 0xfa,
    0x0, 0x8, 0xff, 0x0, 0xff, 0x70, 0x0, 0xbf,
    0xc0, 0x3f, 0xf4, 0x0, 0xe, 0xf9, 0x6, 0xff,
    0x10, 0x1, 0xff, 0x60, 0x9f, 0xe0, 0x0, 0x4f,
    0xf3, 0x0, 0x0, 0x0, 0x0, 0x0, 0x0, 0x0,
    0x9, 0xf3, 0x0, 0x0, 0x0, 0x0, 0xaf, 0x30,
    0x0, 0x0, 0x0, 0xb, 0x90, 0x0, 0x0, 0x0,
    0x0, 0x20, 0x0, 0x0, 0x0,

    /* U+0147 "Ň" */
    0x0, 0x0, 0xa, 0xf4, 0x2d, 0xd1, 0x0, 0x0,
    0x0, 0xd, 0xff, 0xd1, 0x0, 0x0, 0x0, 0x0,
    0x38, 0x82, 0x0, 0x0, 0x6, 0xff, 0x20, 0x0,
    0xa, 0xfd, 0x0, 0x9f, 0xfa, 0x0, 0x0, 0xdf,
    0xb0, 0xc, 0xff, 0xf3, 0x0, 0xf, 0xf8, 0x0,
    0xff, 0xff, 0xc0, 0x3, 0xff, 0x50, 0x2f, 0xfe,
    0xff, 0x50, 0x6f, 0xf2, 0x5, 0xff, 0x4e, 0xfd,
    0x9, 0xff, 0x0, 0x8f, 0xf0, 0x7f, 0xf7, 0xcf,
    0xc0, 0xb, 0xfd, 0x0, 0xdf, 0xef, 0xf9, 0x0,
    0xef, 0xa0, 0x5, 0xff, 0xff, 0x60, 0x1f, 0xf7,
    0x0, 0xc, 0xff, 0xf3, 0x4, 0xff, 0x40, 0x0,
    0x3f, 0xff, 0x0, 0x7f, 0xf1, 0x0, 0x0, 0xaf,
    0xd0, 0x0,

    /* U+0148 "ň" */
    0x0, 0x0, 0xbe, 0x36, 0xfa, 0x0, 0x0, 0x1,
    0xdf, 0xf8, 0x0, 0x0, 0x0, 0x0, 0x11, 0x0,
    0x0, 0x1f, 0xf7, 0xbf, 0xfb, 0x10, 0x4, 0xff,
    0xff, 0xff, 0xfc, 0x0, 0x7f, 0xfd, 0x54, 0xdf,
    0xf1, 0xa, 0xff, 0x10, 0x7, 0xff, 0x10, 0xdf,
    0xa0, 0x0, 0x8f, 0xf0, 0xf, 0xf7, 0x0, 0xb,
    0xfc, 0x3, 0xff, 0x40, 0x0, 0xef, 0x90, 0x6f,
    0xf1, 0x0, 0x1f, 0xf6, 0x9, 0xfe, 0x0, 0x4,
    0xff, 0x30,

    /* U+0149 "ŉ" */
    0x2, 0xde, 0x40, 0x0, 0x0, 0x0, 0x0, 0x7,
    0xff, 0x80, 0x0, 0x0, 0x0, 0x0, 0x1, 0xff,
    0x30, 0x0, 0x0, 0x0, 0x0, 0x4, 0xf9, 0x5f,
    0xf5, 0xcf, 0xe8, 0x0, 0xc, 0xd0, 0x8f, 0xff,
    0xff, 0xff, 0x70, 0x2, 0x10, 0xbf, 0xf9, 0x35,
    0xff, 0xc0, 0x0, 0x0, 0xef, 0xb0, 0x0, 0xcf,
    0xd0, 0x0, 0x2, 0xff, 0x60, 0x0, 0xdf, 0xa0,
    0x0, 0x5, 0xff, 0x20, 0x0, 0xff, 0x70, 0x0,
    0x8, 0xff, 0x0, 0x3, 0xff, 0x40, 0x0, 0xb,
    0xfc, 0x0, 0x6, 0xff, 0x10, 0x0, 0xe, 0xf9,
    0x0, 0x9, 0xfe, 0x0,

    /* U+014A "Ŋ" */
    0x0, 0x6f, 0xf2, 0x0, 0x0, 0xaf, 0xd0, 0x9,
    0xff, 0xa0, 0x0, 0xd, 0xfa, 0x0, 0xcf, 0xff,
    0x30, 0x0, 0xff, 0x70, 0xf, 0xff, 0xfc, 0x0,
    0x3f, 0xf4, 0x2, 0xff, 0xef, 0xf5, 0x6, 0xff,
    0x10, 0x5f, 0xf4, 0xef, 0xd0, 0x9f, 0xe0, 0x8,
    0xff, 0x7, 0xff, 0x7c, 0xfb, 0x0, 0xbf, 0xd0,
    0xd, 0xfe, 0xff, 0x80, 0xe, 0xfa, 0x0, 0x5f,
    0xff, 0xf5, 0x1, 0xff, 0x70, 0x0, 0xcf, 0xff,
    0x20, 0x4f, 0xf4, 0x0, 0x3, 0xff, 0xf0, 0x7,
    0xff, 0x10, 0x0, 0xd, 0xfb, 0x0, 0x0, 0x0,
    0x56, 0x37, 0xff, 0x50, 0x0, 0x0, 0x3f, 0xff,
    0xff, 0xc0, 0x0, 0x0, 0x0, 0x9e, 0xfe, 0x91,
    0x0, 0x0,

    /* U+014B "ŋ" */
    0x1, 0xff, 0x7b, 0xef, 0xb1, 0x0, 0x4f, 0xff,
    0xff, 0xff, 0xc0, 0x7, 0xff, 0xb3, 0x2c, 0xff,
    0x10, 0xaf, 0xe0, 0x0, 0x7f, 0xf1, 0xd, 0xfa,
    0x0, 0x9, 0xff, 0x0, 0xff, 0x70, 0x0, 0xcf,
    0xb0, 0x3f, 0xf4, 0x0, 0xf, 0xf8, 0x6, 0xff,
    0x10, 0x2, 0xff, 0x50, 0x9f, 0xe0, 0x0, 0x5f,
    0xf2, 0x0, 0x0, 0x2, 0x1c, 0xfd, 0x0, 0x0,
    0x2, 0xff, 0xff, 0x50, 0x0, 0x0, 0x5e, 0xfd,
    0x50, 0x0,

    /* U+014C "Ō" */
    0x0, 0x0, 0x0, 0x22, 0x22, 0x21, 0x0, 0x0,
    0x0, 0x6, 0xff, 0xff, 0xf8, 0x0, 0x0, 0x0,
    0x2, 0x55, 0x55, 0x51, 0x0, 0x0, 0x0, 0x4a,
    0xef, 0xec, 0x60, 0x0, 0x0, 0xa, 0xff, 0xff,
    0xff, 0xfb, 0x0, 0x0, 0xaf, 0xfd, 0x64, 0x6d,
    0xff, 0x80, 0x5, 0xff, 0xa0, 0x0, 0x0, 0xef,
    0xf0, 0xc, 0xfe, 0x10, 0x0, 0x0, 0x8f, 0xf2,
    0xf, 0xf9, 0x0, 0x0, 0x0, 0x7f, 0xf2, 0x2f,
    0xf7, 0x0, 0x0, 0x0, 0x9f, 0xf0, 0x2f, 0xf8,
    0x0, 0x0, 0x1, 0xef, 0xc0, 0xe, 0xfe, 0x10,
    0x0, 0xa, 0xff, 0x50, 0x8, 0xff, 0xd7, 0x56,
    0xdf, 0xfa, 0x0, 0x0, 0xbf, 0xff, 0xff, 0xff,
    0xa0, 0x0, 0x0, 0x6, 0xce, 0xfe, 0xa4, 0x0,
    0x0,

    /* U+014D "ō" */
    0x0, 0x6, 0xff, 0xff, 0xf7, 0x0, 0x4, 0x77,
    0x77, 0x72, 0x0, 0x0, 0x0, 0x0, 0x0, 0x0,
    0x18, 0xdf, 0xea, 0x20, 0x2, 0xef, 0xff, 0xff,
    0xf3, 0xd, 0xfe, 0x52, 0x5f, 0xfb, 0x4f, 0xf5,
    0x0, 0xa, 0xff, 0x7f, 0xf0, 0x0, 0x9, 0xfe,
    0x7f, 0xf1, 0x0, 0xd, 0xfb, 0x4f, 0xfb, 0x23,
    0xbf, 0xf4, 0xb, 0xff, 0xff, 0xff, 0x80, 0x0,
    0x7d, 0xfe, 0xb4, 0x0,

    /* U+014E "Ŏ" */
    0x0, 0x0, 0x1, 0xfa, 0x25, 0xf8, 0x0, 0x0,
    0x0, 0x0, 0x8f, 0xff, 0xb0, 0x0, 0x0, 0x0,
    0x0, 0x1, 0x31, 0x0, 0x0, 0x0, 0x0, 0x4a,
    0xef, 0xec, 0x60, 0x0, 0x0, 0xa, 0xff, 0xff,
    0xff, 0xfb, 0x0, 0x0, 0xaf, 0xfd, 0x64, 0x6d,
    0xff, 0x80, 0x5, 0xff, 0xa0, 0x0, 0x0, 0xef,
    0xf0, 0xc, 0xfe, 0x10, 0x0, 0x0, 0x8f, 0xf2,
    0xf, 0xf9, 0x0, 0x0, 0x0, 0x7f, 0xf2, 0x2f,
    0xf7, 0x0, 0x0, 0x0, 0x9f, 0xf0, 0x2f, 0xf8,
    0x0, 0x0, 0x1, 0xef, 0xc0, 0xe, 0xfe, 0x10,
    0x0, 0xa, 0xff, 0x50, 0x8, 0xff, 0xd7, 0x56,
    0xdf, 0xfa, 0x0, 0x0, 0xbf, 0xff, 0xff, 0xff,
    0xa0, 0x0, 0x0, 0x6, 0xce, 0xfe, 0xa4, 0x0,
    0x0,

    /* U+014F "ŏ" */
    0x0, 0x1, 0xef, 0xff, 0xe4, 0x0, 0x0, 0x3,
    0x43, 0x0, 0x0, 0x0, 0x0, 0x0, 0x0, 0x0,
    0x18, 0xdf, 0xea, 0x20, 0x2, 0xef, 0xff, 0xff,
    0xf3, 0xd, 0xfe, 0x52, 0x5f, 0xfb, 0x4f, 0xf5,
    0x0, 0xa, 0xff, 0x7f, 0xf0, 0x0, 0x9, 0xfe,
    0x7f, 0xf1, 0x0, 0xd, 0xfb, 0x4f, 0xfb, 0x23,
    0xbf, 0xf4, 0xb, 0xff, 0xff, 0xff, 0x80, 0x0,
    0x7d, 0xfe, 0xb4, 0x0,

    /* U+0150 "Ő" */
    0x0, 0x0, 0x0, 0x2f, 0xf3, 0xdf, 0x50, 0x0,
    0x0, 0x0, 0xbf, 0x58, 0xf8, 0x0, 0x0, 0x0,
    0x0, 0x64, 0x5, 0x50, 0x0, 0x0, 0x0, 0x4a,
    0xef, 0xec, 0x60, 0x0, 0x0, 0xa, 0xff, 0xff,
    0xff, 0xfb, 0x0, 0x0, 0xaf, 0xfd, 0x64, 0x6d,
    0xff, 0x80, 0x5, 0xff, 0xa0, 0x0, 0x0, 0xef,
    0xf0, 0xc, 0xfe, 0x10, 0x0, 0x0, 0x8f, 0xf2,
    0xf, 0xf9, 0x0, 0x0, 0x0, 0x7f, 0xf2, 0x2f,
    0xf7, 0x0, 0x0, 0x0, 0x9f, 0xf0, 0x2f, 0xf8,
    0x0, 0x0, 0x1, 0xef, 0xc0, 0xe, 0xfe, 0x10,
    0x0, 0xa, 0xff, 0x50, 0x8, 0xff, 0xd7, 0x56,
    0xdf, 0xfa, 0x0, 0x0, 0xbf, 0xff, 0xff, 0xff,
    0xa0, 0x0, 0x0, 0x6, 0xce, 0xfe, 0xa4, 0x0,
    0x0,

    /* U+0151 "ő" */
    0x0, 0x0, 0x2f, 0xf3, 0xef, 0x50, 0x0, 0xc,
    0xf4, 0x8f, 0x80, 0x0, 0x1, 0x64, 0x5, 0x50,
    0x0, 0x1, 0x8d, 0xfe, 0xa2, 0x0, 0x2, 0xef,
    0xff, 0xff, 0xf3, 0x0, 0xdf, 0xe5, 0x25, 0xff,
    0xb0, 0x4f, 0xf5, 0x0, 0xa, 0xff, 0x7, 0xff,
    0x0, 0x0, 0x9f, 0xe0, 0x7f, 0xf1, 0x0, 0xd,
    0xfb, 0x4, 0xff, 0xb2, 0x3b, 0xff, 0x40, 0xb,
    0xff, 0xff, 0xff, 0x80, 0x0, 0x7, 0xdf, 0xeb,
    0x40, 0x0,

    /* U+0152 "Œ" */
    0x0, 0x0, 0x4a, 0xdf, 0xff, 0xff, 0xff, 0xff,
    0xff, 0x80, 0x0, 0xaf, 0xff, 0xff, 0xff, 0xff,
    0xff, 0xff, 0xf5, 0x0, 0xaf, 0xfc, 0x53, 0x27,
    0xff, 0x52, 0x22, 0x22, 0x0, 0x5f, 0xfa, 0x0,
    0x0, 0x8f, 0xf1, 0x0, 0x0, 0x0, 0xc, 0xfe,
    0x0, 0x0, 0xb, 0xfe, 0x0, 0x0, 0x0, 0x0,
    0xff, 0x90, 0x0, 0x0, 0xdf, 0xff, 0xff, 0xfe,
    0x0, 0x2f, 0xf7, 0x0, 0x0, 0xf, 0xff, 0xff,
    0xff, 0xb0, 0x2, 0xff, 0x80, 0x0, 0x3, 0xff,
    0x51, 0x11, 0x10, 0x0, 0xf, 0xfd, 0x0, 0x0,
    0x6f, 0xf2, 0x0, 0x0, 0x0, 0x0, 0x9f, 0xfc,
    0x52, 0x2a, 0xff, 0x22, 0x22, 0x22, 0x0, 0x0,
    0xcf, 0xff, 0xff, 0xff, 0xff, 0xff, 0xff, 0xe0,
    0x0, 0x0, 0x6c, 0xef, 0xff, 0xff, 0xff, 0xff,
    0xfa, 0x0,

    /* U+0153 "œ" */
    0x0, 0x19, 0xef, 0xe8, 0x1, 0x8e, 0xfe, 0x80,
    0x0, 0x2e, 0xff, 0xff, 0xfc, 0xef, 0xff, 0xff,
    0xc0, 0xd, 0xff, 0x62, 0x6f, 0xff, 0xc4, 0x26,
    0xff, 0x54, 0xff, 0x50, 0x0, 0xaf, 0xf9, 0x88,
    0x8e, 0xf8, 0x7f, 0xf0, 0x0, 0x8, 0xff, 0xff,
    0xff, 0xff, 0x77, 0xff, 0x10, 0x0, 0xdf, 0xe0,
    0x0, 0x0, 0x0, 0x4f, 0xfa, 0x12, 0xaf, 0xff,
    0x91, 0x26, 0x80, 0x0, 0xbf, 0xff, 0xff, 0xfb,
    0xff, 0xff, 0xff, 0x20, 0x0, 0x7d, 0xfe, 0xa2,
    0x6, 0xdf, 0xfc, 0x50, 0x0,

    /* U+0154 "Ŕ" */
    0x0, 0x0, 0x0, 0x2, 0xef, 0x90, 0x0, 0x0,
    0x0, 0x1e, 0xf5, 0x0, 0x0, 0x0, 0x0, 0x58,
    0x30, 0x0, 0x0, 0x6f, 0xff, 0xff, 0xd9, 0x10,
    0x0, 0x9f, 0xff, 0xff, 0xff, 0xd0, 0x0, 0xcf,
    0xd3, 0x34, 0xbf, 0xf6, 0x0, 0xff, 0xa0, 0x0,
    0x1f, 0xf9, 0x2, 0xff, 0x80, 0x0, 0xf, 0xf8,
    0x5, 0xff, 0x50, 0x0, 0x4f, 0xf6, 0x8, 0xff,
    0x42, 0x26, 0xef, 0xe0, 0xb, 0xff, 0xff, 0xff,
    0xff, 0x40, 0xe, 0xff, 0xff, 0xff, 0xc2, 0x0,
    0x1f, 0xf9, 0x0, 0xcf, 0xe0, 0x0, 0x4f, 0xf6,
    0x0, 0x3f, 0xf8, 0x0, 0x7f, 0xf2, 0x0, 0xa,
    0xff, 0x20,

    /* U+0155 "ŕ" */
    0x0, 0x0, 0xb, 0xfb, 0x10, 0x0, 0x1d, 0xe5,
    0x0, 0x0, 0x0, 0x0, 0x0, 0x0, 0x1f, 0xf7,
    0xbe, 0x40, 0x4, 0xff, 0xff, 0xf1, 0x0, 0x7f,
    0xfd, 0x63, 0x0, 0xa, 0xff, 0x10, 0x0, 0x0,
    0xdf, 0xa0, 0x0, 0x0, 0xf, 0xf7, 0x0, 0x0,
    0x3, 0xff, 0x40, 0x0, 0x0, 0x6f, 0xf1, 0x0,
    0x0, 0x9, 0xfe, 0x0, 0x0, 0x0,

    /* U+0156 "Ŗ" */
    0x0, 0x6f, 0xff, 0xff, 0xd9, 0x10, 0x0, 0x9f,
    0xff, 0xff, 0xff, 0xd0, 0x0, 0xcf, 0xd3, 0x34,
    0xbf, 0xf6, 0x0, 0xff, 0xa0, 0x0, 0x1f, 0xf9,
    0x2, 0xff, 0x80, 0x0, 0xf, 0xf8, 0x5, 0xff,
    0x50, 0x0, 0x4f, 0xf6, 0x8, 0xff, 0x42, 0x26,
    0xef, 0xe0, 0xb, 0xff, 0xff, 0xff, 0xff, 0x40,
    0xe, 0xff, 0xff, 0xff, 0xc2, 0x0, 0x1f, 0xf9,
    0x0, 0xcf, 0xe0, 0x0, 0x4f, 0xf6, 0x0, 0x3f,
    0xf8, 0x0, 0x7f, 0xf2, 0x0, 0xa, 0xff, 0x20,
    0x0, 0x0, 0x0, 0x0, 0x0, 0x0, 0x0, 0x3,
    0xea, 0x0, 0x0, 0x0, 0x0, 0x3, 0xf9, 0x0,
    0x0, 0x0, 0x0, 0x4, 0xe1, 0x0, 0x0, 0x0,
    0x0, 0x1, 0x10, 0x0, 0x0, 0x0,

    /* U+0157 "ŗ" */
    0x0, 0x1f, 0xf7, 0xbe, 0x40, 0x4, 0xff, 0xff,
    0xf1, 0x0, 0x7f, 0xfd, 0x63, 0x0, 0xa, 0xff,
    0x10, 0x0, 0x0, 0xdf, 0xa0, 0x0, 0x0, 0xf,
    0xf7, 0x0, 0x0, 0x3, 0xff, 0x40, 0x0, 0x0,
    0x6f, 0xf1, 0x0, 0x0, 0x9, 0xfe, 0x0, 0x0,
    0x0, 0x0, 0x0, 0x0, 0x0, 0xb, 0xe1, 0x0,
    0x0, 0x0, 0xdf, 0x10, 0x0, 0x0, 0xd, 0x60,
    0x0, 0x0, 0x0, 0x20, 0x0, 0x0, 0x0,

    /* U+0158 "Ř" */
    0x0, 0x0, 0x2f, 0xb0, 0x8f, 0x70, 0x0, 0x0,
    0x6, 0xfe, 0xf7, 0x0, 0x0, 0x0, 0x0, 0x68,
    0x60, 0x0, 0x0, 0x6f, 0xff, 0xff, 0xd9, 0x10,
    0x0, 0x9f, 0xff, 0xff, 0xff, 0xd0, 0x0, 0xcf,
    0xd3, 0x34, 0xbf, 0xf6, 0x0, 0xff, 0xa0, 0x0,
    0x1f, 0xf9, 0x2, 0xff, 0x80, 0x0, 0xf, 0xf8,
    0x5, 0xff, 0x50, 0x0, 0x4f, 0xf6, 0x8, 0xff,
    0x42, 0x26, 0xef, 0xe0, 0xb, 0xff, 0xff, 0xff,
    0xff, 0x40, 0xe, 0xff, 0xff, 0xff, 0xc2, 0x0,
    0x1f, 0xf9, 0x0, 0xcf, 0xe0, 0x0, 0x4f, 0xf6,
    0x0, 0x3f, 0xf8, 0x0, 0x7f, 0xf2, 0x0, 0xa,
    0xff, 0x20,

    /* U+0159 "ř" */
    0x0, 0x7f, 0x63, 0xdc, 0x10, 0x0, 0x9f, 0xfa,
    0x0, 0x0, 0x0, 0x0, 0x0, 0x0, 0x1f, 0xf7,
    0xbe, 0x40, 0x4, 0xff, 0xff, 0xf1, 0x0, 0x7f,
    0xfd, 0x63, 0x0, 0xa, 0xff, 0x10, 0x0, 0x0,
    0xdf, 0xa0, 0x0, 0x0, 0xf, 0xf7, 0x0, 0x0,
    0x3, 0xff, 0x40, 0x0, 0x0, 0x6f, 0xf1, 0x0,
    0x0, 0x9, 0xfe, 0x0, 0x0, 0x0,

    /* U+015A "Ś" */
    0x0, 0x0, 0x0, 0x0, 0xcf, 0xb1, 0x0, 0x0,
    0x0, 0xc, 0xf8, 0x0, 0x0, 0x0, 0x0, 0x48,
    0x40, 0x0, 0x0, 0x0, 0x5b, 0xef, 0xec, 0x70,
    0x0, 0xa, 0xff, 0xff, 0xff, 0xf2, 0x0, 0x4f,
    0xfb, 0x32, 0x49, 0xa0, 0x0, 0x8f, 0xf0, 0x0,
    0x0, 0x0, 0x0, 0x8f, 0xfa, 0x30, 0x0, 0x0,
    0x0, 0x2e, 0xff, 0xfe, 0x81, 0x0, 0x0, 0x2,
    0xaf, 0xff, 0xfd, 0x10, 0x0, 0x0, 0x0, 0x5c,
    0xff, 0x70, 0x1, 0x10, 0x0, 0x2, 0xff, 0x70,
    0x8, 0xf9, 0x42, 0x4b, 0xff, 0x30, 0xe, 0xff,
    0xff, 0xff, 0xf8, 0x0, 0x1, 0x8c, 0xff, 0xeb,
    0x40, 0x0,

    /* U+015B "ś" */
    0x0, 0x0, 0x0, 0x6f, 0xe4, 0x0, 0x0, 0x8,
    0xfa, 0x10, 0x0, 0x0, 0x1, 0x10, 0x0, 0x0,
    0x6, 0xcf, 0xfd, 0x91, 0x0, 0xaf, 0xff, 0xff,
    0xe0, 0x1, 0xff, 0x70, 0x3, 0x40, 0x1, 0xff,
    0xc6, 0x30, 0x0, 0x0, 0x8f, 0xff, 0xfd, 0x20,
    0x0, 0x1, 0x59, 0xff, 0xb0, 0x5, 0x61, 0x0,
    0xcf, 0xb0, 0xe, 0xff, 0xff, 0xff, 0x40, 0x7,
    0xce, 0xfe, 0xa3, 0x0,

    /* U+015C "Ŝ" */
    0x0, 0x0, 0x0, 0x6f, 0xf9, 0x0, 0x0, 0x0,
    0x6, 0xfa, 0xaf, 0x50, 0x0, 0x0, 0x17, 0x60,
    0x7, 0x70, 0x0, 0x0, 0x5b, 0xef, 0xec, 0x70,
    0x0, 0xa, 0xff, 0xff, 0xff, 0xf2, 0x0, 0x4f,
    0xfb, 0x32, 0x49, 0xa0, 0x0, 0x8f, 0xf0, 0x0,
    0x0, 0x0, 0x0, 0x8f, 0xfa, 0x30, 0x0, 0x0,
    0x0, 0x2e, 0xff, 0xfe, 0x81, 0x0, 0x0, 0x2,
    0xaf, 0xff, 0xfd, 0x10, 0x0, 0x0, 0x0, 0x5c,
    0xff, 0x70, 0x1, 0x10, 0x0, 0x2, 0xff, 0x70,
    0x8, 0xf9, 0x42, 0x4b, 0xff, 0x30, 0xe, 0xff,
    0xff, 0xff, 0xf8, 0x0, 0x1, 0x8c, 0xff, 0xeb,
    0x40, 0x0,

    /* U+015D "ŝ" */
    0x0, 0x0, 0x3e, 0xfe, 0x20, 0x0, 0x4, 0xfb,
    0x3d, 0xd1, 0x0, 0x1, 0x10, 0x0, 0x10, 0x0,
    0x6, 0xcf, 0xfd, 0x91, 0x0, 0xaf, 0xff, 0xff,
    0xe0, 0x1, 0xff, 0x70, 0x3, 0x40, 0x1, 0xff,
    0xc6, 0x30, 0x0, 0x0, 0x8f, 0xff, 0xfd, 0x20,
    0x0, 0x1, 0x59, 0xff, 0xb0, 0x5, 0x61, 0x0,
    0xcf, 0xb0, 0xe, 0xff, 0xff, 0xff, 0x40, 0x7,
    0xce, 0xfe, 0xa3, 0x0,

    /* U+015E "Ş" */
    0x0, 0x0, 0x5b, 0xef, 0xec, 0x70, 0x0, 0xa,
    0xff, 0xff, 0xff, 0xf2, 0x0, 0x4f, 0xfb, 0x32,
    0x49, 0xa0, 0x0, 0x8f, 0xf0, 0x0, 0x0, 0x0,
    0x0, 0x8f, 0xfa, 0x30, 0x0, 0x0, 0x0, 0x2e,
    0xff, 0xfe, 0x81, 0x0, 0x0, 0x2, 0xaf, 0xff,
    0xfd, 0x10, 0x0, 0x0, 0x0, 0x5c, 0xff, 0x70,
    0x1, 0x10, 0x0, 0x2, 0xff, 0x70, 0x8, 0xf9,
    0x42, 0x4b, 0xff, 0x30, 0xe, 0xff, 0xff, 0xff,
    0xf8, 0x0, 0x1, 0x8c, 0xff, 0xeb, 0x40, 0x0,
    0x0, 0x0, 0xbd, 0x20, 0x0, 0x0, 0x0, 0x1,
    0x3f, 0xb0, 0x0, 0x0, 0x0, 0x2f, 0xfe, 0x40,
    0x0, 0x0, 0x0, 0x1, 0x20, 0x0, 0x0, 0x0,

    /* U+015F "ş" */
    0x0, 0x6, 0xcf, 0xfd, 0x91, 0x0, 0xaf, 0xff,
    0xff, 0xe0, 0x1, 0xff, 0x70, 0x3, 0x40, 0x1,
    0xff, 0xc6, 0x30, 0x0, 0x0, 0x8f, 0xff, 0xfd,
    0x20, 0x0, 0x1, 0x59, 0xff, 0xb0, 0x5, 0x61,
    0x0, 0xcf, 0xb0, 0xe, 0xff, 0xff, 0xff, 0x40,
    0x7, 0xcf, 0xfe, 0xa3, 0x0, 0x0, 0x9, 0xc0,
    0x0, 0x0, 0x0, 0xc, 0xf8, 0x0, 0x0, 0x0,
    0x21, 0xea, 0x0, 0x0, 0x2, 0xff, 0xe2, 0x0,
    0x0, 0x0, 0x12, 0x0, 0x0, 0x0,

    /* U+0160 "Š" */
    0x0, 0x0, 0xd, 0xd1, 0x5f, 0xa0, 0x0, 0x0,
    0x3, 0xfe, 0xfa, 0x0, 0x0, 0x0, 0x0, 0x58,
    0x70, 0x0, 0x0, 0x0, 0x5b, 0xef, 0xec, 0x70,
    0x0, 0xa, 0xff, 0xff, 0xff, 0xf2, 0x0, 0x4f,
    0xfb, 0x32, 0x49, 0xa0, 0x0, 0x8f, 0xf0, 0x0,
    0x0, 0x0, 0x0, 0x8f, 0xfa, 0x30, 0x0, 0x0,
    0x0, 0x2e, 0xff, 0xfe, 0x81, 0x0, 0x0, 0x2,
    0xaf, 0xff, 0xfd, 0x10, 0x0, 0x0, 0x0, 0x5c,
    0xff, 0x70, 0x1, 0x10, 0x0, 0x2, 0xff, 0x70,
    0x8, 0xf9, 0x42, 0x4b, 0xff, 0x30, 0xe, 0xff,
    0xff, 0xff, 0xf8, 0x0, 0x1, 0x8c, 0xff, 0xeb,
    0x40, 0x0,

    /* U+0161 "š" */
    0x0, 0x3, 0xfb, 0x1a, 0xf4, 0x0, 0x0, 0x5f,
    0xfe, 0x30, 0x0, 0x0, 0x1, 0x10, 0x0, 0x0,
    0x6, 0xcf, 0xfd, 0x91, 0x0, 0xaf, 0xff, 0xff,
    0xe0, 0x1, 0xff, 0x70, 0x3, 0x40, 0x1, 0xff,
    0xc6, 0x30, 0x0, 0x0, 0x8f, 0xff, 0xfd, 0x20,
    0x0, 0x1, 0x59, 0xff, 0xb0, 0x5, 0x61, 0x0,
    0xcf, 0xb0, 0xe, 0xff, 0xff, 0xff, 0x40, 0x7,
    0xce, 0xfe, 0xa3, 0x0,

    /* U+0162 "Ţ" */
    0xaf, 0xff, 0xff, 0xff, 0xff, 0x1d, 0xff, 0xff,
    0xff, 0xff, 0xe0, 0x23, 0x39, 0xff, 0x43, 0x32,
    0x0, 0x0, 0xaf, 0xf0, 0x0, 0x0, 0x0, 0xd,
    0xfc, 0x0, 0x0, 0x0, 0x0, 0xff, 0x90, 0x0,
    0x0, 0x0, 0x3f, 0xf6, 0x0, 0x0, 0x0, 0x6,
    0xff, 0x30, 0x0, 0x0, 0x0, 0x9f, 0xf0, 0x0,
    0x0, 0x0, 0xc, 0xfd, 0x0, 0x0, 0x0, 0x0,
    0xff, 0xa0, 0x0, 0x0, 0x0, 0x2f, 0xf7, 0x0,
    0x0, 0x0, 0x0, 0xc8, 0x0, 0x0, 0x0, 0x0,
    0x2e, 0xf4, 0x0, 0x0, 0x0, 0x1, 0x3f, 0x60,
    0x0, 0x0, 0x5, 0xff, 0xc1, 0x0, 0x0, 0x0,
    0x2, 0x10, 0x0, 0x0, 0x0, 0x0,

    /* U+0163 "ţ" */
    0x0, 0x6f, 0xf1, 0x0, 0x9, 0xfe, 0x0, 0x2f,
    0xff, 0xff, 0xd4, 0xff, 0xff, 0xfa, 0x2, 0xff,
    0x50, 0x0, 0x5f, 0xf2, 0x0, 0x8, 0xff, 0x0,
    0x0, 0xbf, 0xc0, 0x0, 0xd, 0xfc, 0x12, 0x0,
    0xaf, 0xff, 0xc0, 0x1, 0xcf, 0xe9, 0x0, 0x9,
    0xc0, 0x0, 0x0, 0xbf, 0x80, 0x0, 0x21, 0xea,
    0x0, 0x2f, 0xfe, 0x30, 0x0, 0x12, 0x0, 0x0,

    /* U+0164 "Ť" */
    0x0, 0x3f, 0xb0, 0x8f, 0x60, 0x0, 0x0, 0x7f,
    0xef, 0x60, 0x0, 0x0, 0x0, 0x78, 0x50, 0x0,
    0xa, 0xff, 0xff, 0xff, 0xff, 0xf1, 0xdf, 0xff,
    0xff, 0xff, 0xfe, 0x2, 0x33, 0x9f, 0xf4, 0x33,
    0x20, 0x0, 0xa, 0xff, 0x0, 0x0, 0x0, 0x0,
    0xdf, 0xc0, 0x0, 0x0, 0x0, 0xf, 0xf9, 0x0,
    0x0, 0x0, 0x3, 0xff, 0x60, 0x0, 0x0, 0x0,
    0x6f, 0xf3, 0x0, 0x0, 0x0, 0x9, 0xff, 0x0,
    0x0, 0x0, 0x0, 0xcf, 0xd0, 0x0, 0x0, 0x0,
    0xf, 0xfa, 0x0, 0x0, 0x0, 0x2, 0xff, 0x70,
    0x0, 0x0, 0x0,

    /* U+0165 "ť" */
    0x0, 0x0, 0x0, 0x6f, 0x60, 0x0, 0x0, 0x9,
    0xf1, 0x0, 0x5e, 0xe1, 0xdc, 0x0, 0x9, 0xfe,
    0x4, 0x30, 0x2f, 0xff, 0xff, 0xd0, 0x4, 0xff,
    0xff, 0xfa, 0x0, 0x2, 0xff, 0x50, 0x0, 0x0,
    0x5f, 0xf2, 0x0, 0x0, 0x8, 0xff, 0x0, 0x0,
    0x0, 0xbf, 0xc0, 0x0, 0x0, 0xd, 0xfc, 0x12,
    0x0, 0x0, 0xaf, 0xff, 0xc0, 0x0, 0x1, 0xbf,
    0xe9, 0x0, 0x0,

    /* U+0166 "Ŧ" */
    0xaf, 0xff, 0xff, 0xff, 0xff, 0x1d, 0xff, 0xff,
    0xff, 0xff, 0xe0, 0x23, 0x39, 0xff, 0x43, 0x32,
    0x0, 0x0, 0xaf, 0xf0, 0x0, 0x0, 0x0, 0xd,
    0xfc, 0x0, 0x0, 0x2, 0xcc, 0xff, 0xec, 0x90,
    0x0, 0x5f, 0xff, 0xff, 0xf9, 0x0, 0x0, 0x6,
    0xff, 0x30, 0x0, 0x0, 0x0, 0x9f, 0xf0, 0x0,
    0x0, 0x0, 0xc, 0xfd, 0x0, 0x0, 0x0, 0x0,
    0xef, 0xa0, 0x0, 0x0, 0x0, 0x2f, 0xf7, 0x0,
    0x0, 0x0,

    /* U+0167 "ŧ" */
    0x0, 0x5f, 0xf2, 0x0, 0x0, 0x8f, 0xf0, 0x0,
    0x1f, 0xff, 0xff, 0xe0, 0x3f, 0xff, 0xff, 0xb0,
    0x1, 0xff, 0x60, 0x0, 0x15, 0xff, 0x52, 0x0,
    0xbf, 0xff, 0xfc, 0x0, 0x4c, 0xfe, 0x53, 0x0,
    0xc, 0xfd, 0x12, 0x0, 0x9, 0xff, 0xfd, 0x0,
    0x1, 0xaf, 0xfa, 0x0,

    /* U+0168 "Ũ" */
    0x0, 0x0, 0x0, 0x10, 0x0, 0x20, 0x0, 0x0,
    0x0, 0x7f, 0xf6, 0x6f, 0x0, 0x0, 0x0, 0x1f,
    0x8a, 0xff, 0x80, 0x0, 0x0, 0x1, 0x40, 0x2,
    0x30, 0x0, 0x0, 0x9f, 0xf0, 0x0, 0x0, 0xff,
    0x80, 0xc, 0xfc, 0x0, 0x0, 0x3f, 0xf5, 0x0,
    0xff, 0x90, 0x0, 0x6, 0xff, 0x20, 0x3f, 0xf6,
    0x0, 0x0, 0x9f, 0xe0, 0x6, 0xff, 0x30, 0x0,
    0xc, 0xfb, 0x0, 0x9f, 0xf0, 0x0, 0x0, 0xff,
    0x80, 0xc, 0xfd, 0x0, 0x0, 0x3f, 0xf5, 0x0,
    0xdf, 0xc0, 0x0, 0x7, 0xff, 0x20, 0xd, 0xfe,
    0x0, 0x0, 0xdf, 0xc0, 0x0, 0x9f, 0xfb, 0x56,
    0xcf, 0xf5, 0x0, 0x1, 0xef, 0xff, 0xff, 0xf8,
    0x0, 0x0, 0x1, 0x9e, 0xfe, 0xb4, 0x0, 0x0,

    /* U+0169 "ũ" */
    0x0, 0x0, 0xbf, 0xff, 0xfc, 0x0, 0x0, 0x27,
    0x77, 0x76, 0x0, 0x0, 0x0, 0x0, 0x0, 0x0,
    0x0, 0x2f, 0xf5, 0x0, 0xe, 0xf9, 0x5, 0xff,
    0x20, 0x1, 0xff, 0x60, 0x8f, 0xf0, 0x0, 0x4f,
    0xf3, 0xb, 0xfc, 0x0, 0x7, 0xff, 0x0, 0xef,
    0x90, 0x0, 0xbf, 0xd0, 0xf, 0xf8, 0x0, 0x1f,
    0xfa, 0x0, 0xff, 0xd4, 0x5d, 0xff, 0x70, 0xb,
    0xff, 0xff, 0xff, 0xf4, 0x0, 0x1a, 0xfe, 0xb7,
    0xff, 0x10,

    /* U+016A "Ū" */
    0x0, 0x0, 0x1, 0x22, 0x22, 0x20, 0x0, 0x0,
    0x0, 0xff, 0xff, 0xfe, 0x0, 0x0, 0x0, 0x5,
    0x55, 0x55, 0x40, 0x0, 0x9, 0xff, 0x0, 0x0,
    0xf, 0xf8, 0x0, 0xcf, 0xc0, 0x0, 0x3, 0xff,
    0x50, 0xf, 0xf9, 0x0, 0x0, 0x6f, 0xf2, 0x3,
    0xff, 0x60, 0x0, 0x9, 0xfe, 0x0, 0x6f, 0xf3,
    0x0, 0x0, 0xcf, 0xb0, 0x9, 0xff, 0x0, 0x0,
    0xf, 0xf8, 0x0, 0xcf, 0xd0, 0x0, 0x3, 0xff,
    0x50, 0xd, 0xfc, 0x0, 0x0, 0x7f, 0xf2, 0x0,
    0xdf, 0xe0, 0x0, 0xd, 0xfc, 0x0, 0x9, 0xff,
    0xb5, 0x6c, 0xff, 0x50, 0x0, 0x1e, 0xff, 0xff,
    0xff, 0x80, 0x0, 0x0, 0x19, 0xef, 0xeb, 0x40,
    0x0, 0x0,

    /* U+016B "ū" */
    0x0, 0x2, 0xff, 0xff, 0xfc, 0x0, 0x0, 0x17,
    0x77, 0x77, 0x40, 0x0, 0x0, 0x0, 0x0, 0x0,
    0x0, 0x2f, 0xf5, 0x0, 0xe, 0xf9, 0x5, 0xff,
    0x20, 0x1, 0xff, 0x60, 0x8f, 0xf0, 0x0, 0x4f,
    0xf3, 0xb, 0xfc, 0x0, 0x7, 0xff, 0x0, 0xef,
    0x90, 0x0, 0xbf, 0xd0, 0xf, 0xf8, 0x0, 0x1f,
    0xfa, 0x0, 0xff, 0xd4, 0x5d, 0xff, 0x70, 0xb,
    0xff, 0xff, 0xff, 0xf4, 0x0, 0x1a, 0xfe, 0xb7,
    0xff, 0x10,

    /* U+016C "Ŭ" */
    0x0, 0x0, 0xa, 0xe3, 0x2b, 0xf0, 0x0, 0x0,
    0x0, 0x3e, 0xff, 0xe4, 0x0, 0x0, 0x0, 0x0,
    0x3, 0x20, 0x0, 0x0, 0x9, 0xff, 0x0, 0x0,
    0xf, 0xf8, 0x0, 0xcf, 0xc0, 0x0, 0x3, 0xff,
    0x50, 0xf, 0xf9, 0x0, 0x0, 0x6f, 0xf2, 0x3,
    0xff, 0x60, 0x0, 0x9, 0xfe, 0x0, 0x6f, 0xf3,
    0x0, 0x0, 0xcf, 0xb0, 0x9, 0xff, 0x0, 0x0,
    0xf, 0xf8, 0x0, 0xcf, 0xd0, 0x0, 0x3, 0xff,
    0x50, 0xd, 0xfc, 0x0, 0x0, 0x7f, 0xf2, 0x0,
    0xdf, 0xe0, 0x0, 0xd, 0xfc, 0x0, 0x9, 0xff,
    0xb5, 0x6c, 0xff, 0x50, 0x0, 0x1e, 0xff, 0xff,
    0xff, 0x80, 0x0, 0x0, 0x19, 0xef, 0xeb, 0x40,
    0x0, 0x0,

    /* U+016D "ŭ" */
    0x0, 0x0, 0xbf, 0xff, 0xf8, 0x0, 0x0, 0x0,
    0x24, 0x41, 0x0, 0x0, 0x0, 0x0, 0x0, 0x0,
    0x0, 0x2f, 0xf5, 0x0, 0xe, 0xf9, 0x5, 0xff,
    0x20, 0x1, 0xff, 0x60, 0x8f, 0xf0, 0x0, 0x4f,
    0xf3, 0xb, 0xfc, 0x0, 0x7, 0xff, 0x0, 0xef,
    0x90, 0x0, 0xbf, 0xd0, 0xf, 0xf8, 0x0, 0x1f,
    0xfa, 0x0, 0xff, 0xd4, 0x5d, 0xff, 0x70, 0xb,
    0xff, 0xff, 0xff, 0xf4, 0x0, 0x1a, 0xfe, 0xb7,
    0xff, 0x10,

    /* U+016E "Ů" */
    0x0, 0x0, 0x0, 0x2d, 0xe3, 0x0, 0x0, 0x0,
    0x0, 0xc, 0x53, 0xe0, 0x0, 0x0, 0x0, 0x0,
    0xe2, 0xf, 0x0, 0x0, 0x0, 0x0, 0x8, 0xcb,
    0xa0, 0x0, 0x0, 0x9f, 0xf0, 0x5, 0x61, 0xff,
    0x80, 0xc, 0xfc, 0x0, 0x0, 0x3f, 0xf5, 0x0,
    0xff, 0x90, 0x0, 0x6, 0xff, 0x20, 0x3f, 0xf6,
    0x0, 0x0, 0x9f, 0xe0, 0x6, 0xff, 0x30, 0x0,
    0xc, 0xfb, 0x0, 0x9f, 0xf0, 0x0, 0x0, 0xff,
    0x80, 0xc, 0xfd, 0x0, 0x0, 0x3f, 0xf5, 0x0,
    0xdf, 0xc0, 0x0, 0x7, 0xff, 0x20, 0xd, 0xfe,
    0x0, 0x0, 0xdf, 0xc0, 0x0, 0x9f, 0xfb, 0x56,
    0xcf, 0xf5, 0x0, 0x1, 0xef, 0xff, 0xff, 0xf8,
    0x0, 0x0, 0x1, 0x9e, 0xfe, 0xb4, 0x0, 0x0,

    /* U+016F "ů" */
    0x0, 0x0, 0x5, 0xed, 0x20, 0x0, 0x0, 0x0,
    0xf2, 0x5c, 0x0, 0x0, 0x0, 0xf, 0x25, 0xc0,
    0x0, 0x0, 0x0, 0x6e, 0xd3, 0x0, 0x0, 0x0,
    0x0, 0x0, 0x0, 0x0, 0x2f, 0xf5, 0x0, 0xe,
    0xf9, 0x5, 0xff, 0x20, 0x1, 0xff, 0x60, 0x8f,
    0xf0, 0x0, 0x4f, 0xf3, 0xb, 0xfc, 0x0, 0x7,
    0xff, 0x0, 0xef, 0x90, 0x0, 0xbf, 0xd0, 0xf,
    0xf8, 0x0, 0x1f, 0xfa, 0x0, 0xff, 0xd4, 0x5d,
    0xff, 0x70, 0xb, 0xff, 0xff, 0xff, 0xf4, 0x0,
    0x1a, 0xfe, 0xb7, 0xff, 0x10,

    /* U+0170 "Ű" */
    0x0, 0x0, 0x0, 0xbf, 0x97, 0xfc, 0x0, 0x0,
    0x0, 0x5f, 0xb2, 0xfe, 0x10, 0x0, 0x0, 0x4,
    0x61, 0x26, 0x20, 0x0, 0x9, 0xff, 0x0, 0x0,
    0xf, 0xf8, 0x0, 0xcf, 0xc0, 0x0, 0x3, 0xff,
    0x50, 0xf, 0xf9, 0x0, 0x0, 0x6f, 0xf2, 0x3,
    0xff, 0x60, 0x0, 0x9, 0xfe, 0x0, 0x6f, 0xf3,
    0x0, 0x0, 0xcf, 0xb0, 0x9, 0xff, 0x0, 0x0,
    0xf, 0xf8, 0x0, 0xcf, 0xd0, 0x0, 0x3, 0xff,
    0x50, 0xd, 0xfc, 0x0, 0x0, 0x7f, 0xf2, 0x0,
    0xdf, 0xe0, 0x0, 0xd, 0xfc, 0x0, 0x9, 0xff,
    0xb5, 0x6c, 0xff, 0x50, 0x0, 0x1e, 0xff, 0xff,
    0xff, 0x80, 0x0, 0x0, 0x19, 0xef, 0xeb, 0x40,
    0x0, 0x0,

    /* U+0171 "ű" */
    0x0, 0x0, 0xd, 0xf6, 0xaf, 0x90, 0x0, 0x0,
    0x8f, 0x94, 0xfc, 0x0, 0x0, 0x0, 0x55, 0x3,
    0x61, 0x0, 0x2, 0xff, 0x50, 0x0, 0xef, 0x90,
    0x5, 0xff, 0x20, 0x1, 0xff, 0x60, 0x8, 0xff,
    0x0, 0x4, 0xff, 0x30, 0xb, 0xfc, 0x0, 0x7,
    0xff, 0x0, 0xe, 0xf9, 0x0, 0xb, 0xfd, 0x0,
    0xf, 0xf8, 0x0, 0x1f, 0xfa, 0x0, 0xf, 0xfd,
    0x45, 0xdf, 0xf7, 0x0, 0xb, 0xff, 0xff, 0xff,
    0xf4, 0x0, 0x1, 0xaf, 0xeb, 0x7f, 0xf1, 0x0,

    /* U+0172 "Ų" */
    0x0, 0x9f, 0xf0, 0x0, 0x0, 0xff, 0x80, 0xd,
    0xfc, 0x0, 0x0, 0x4f, 0xf5, 0x0, 0xff, 0x90,
    0x0, 0x7, 0xff, 0x10, 0x3f, 0xf6, 0x0, 0x0,
    0xaf, 0xe0, 0x6, 0xff, 0x30, 0x0, 0xd, 0xfb,
    0x0, 0x9f, 0xf0, 0x0, 0x0, 0xff, 0x80, 0xc,
    0xfd, 0x0, 0x0, 0x3f, 0xf5, 0x0, 0xef, 0xc0,
    0x0, 0x8, 0xff, 0x0, 0xd, 0xff, 0x10, 0x2,
    0xff, 0xa0, 0x0, 0x7f, 0xfe, 0xab, 0xff, 0xf2,
    0x0, 0x0, 0xaf, 0xff, 0xff, 0xe3, 0x0, 0x0,
    0x0, 0x3e, 0xfa, 0x50, 0x0, 0x0, 0x0, 0x8,
    0xf3, 0x0, 0x0, 0x0, 0x0, 0x0, 0xde, 0x12,
    0x0, 0x0, 0x0, 0x0, 0x8, 0xff, 0xa0, 0x0,
    0x0, 0x0, 0x0, 0x2, 0x30, 0x0, 0x0, 0x0,

    /* U+0173 "ų" */
    0x2, 0xff, 0x50, 0x0, 0xef, 0x90, 0x5f, 0xf2,
    0x0, 0x1f, 0xf6, 0x8, 0xff, 0x0, 0x4, 0xff,
    0x30, 0xbf, 0xc0, 0x0, 0x7f, 0xf0, 0xe, 0xf9,
    0x0, 0xb, 0xfd, 0x0, 0xff, 0x80, 0x1, 0xff,
    0xa0, 0xf, 0xfd, 0x45, 0xdf, 0xf7, 0x0, 0xbf,
    0xff, 0xff, 0xff, 0x40, 0x1, 0xaf, 0xeb, 0xaf,
    0xf1, 0x0, 0x0, 0x0, 0x4f, 0x71, 0x0, 0x0,
    0x0, 0xd, 0xd1, 0x10, 0x0, 0x0, 0x0, 0x9f,
    0xfa, 0x0, 0x0, 0x0, 0x0, 0x23, 0x0, 0x0,

    /* U+0174 "Ŵ" */
    0x0, 0x0, 0x0, 0x0, 0x7f, 0xf9, 0x0, 0x0,
    0x0, 0x0, 0x0, 0x0, 0x0, 0x6f, 0xaa, 0xf4,
    0x0, 0x0, 0x0, 0x0, 0x0, 0x0, 0x17, 0x60,
    0x7, 0x60, 0x0, 0x0, 0x5, 0xff, 0x30, 0x0,
    0xd, 0xfd, 0x0, 0x0, 0x5f, 0xf4, 0x3f, 0xf5,
    0x0, 0x6, 0xff, 0xe0, 0x0, 0xc, 0xfc, 0x1,
    0xff, 0x70, 0x0, 0xdf, 0xff, 0x0, 0x4, 0xff,
    0x40, 0xf, 0xf9, 0x0, 0x6f, 0xff, 0xf2, 0x0,
    0xcf, 0xc0, 0x0, 0xef, 0xb0, 0xd, 0xfa, 0xff,
    0x40, 0x4f, 0xf4, 0x0, 0xc, 0xfc, 0x6, 0xff,
    0x1f, 0xf6, 0xc, 0xfc, 0x0, 0x0, 0xaf, 0xe0,
    0xdf, 0x90, 0xdf, 0x74, 0xff, 0x40, 0x0, 0x8,
    0xff, 0x6f, 0xf1, 0xb, 0xf9, 0xcf, 0xc0, 0x0,
    0x0, 0x6f, 0xfe, 0xf9, 0x0, 0x9f, 0xef, 0xf5,
    0x0, 0x0, 0x4, 0xff, 0xff, 0x10, 0x7, 0xff,
    0xfd, 0x0, 0x0, 0x0, 0x2f, 0xff, 0x90, 0x0,
    0x5f, 0xff, 0x50, 0x0, 0x0, 0x0, 0xff, 0xf1,
    0x0, 0x3, 0xff, 0xd0, 0x0, 0x0, 0x0,

    /* U+0175 "ŵ" */
    0x0, 0x0, 0x0, 0xb, 0xff, 0x70, 0x0, 0x0,
    0x0, 0x0, 0x2, 0xdd, 0x39, 0xf5, 0x0, 0x0,
    0x0, 0x0, 0x0, 0x0, 0x0, 0x0, 0x0, 0x0,
    0x1f, 0xf2, 0x0, 0xe, 0xf8, 0x0, 0xa, 0xfa,
    0xe, 0xf5, 0x0, 0x8f, 0xfa, 0x0, 0x3f, 0xf2,
    0xb, 0xf7, 0x1, 0xff, 0xfd, 0x0, 0xbf, 0xa0,
    0x9, 0xfa, 0x9, 0xfe, 0xff, 0x3, 0xff, 0x20,
    0x6, 0xfc, 0x2f, 0xf3, 0xff, 0x2c, 0xf9, 0x0,
    0x3, 0xff, 0xaf, 0xa0, 0xef, 0x9f, 0xf1, 0x0,
    0x1, 0xff, 0xff, 0x20, 0xbf, 0xff, 0x80, 0x0,
    0x0, 0xef, 0xf9, 0x0, 0x8f, 0xfe, 0x10, 0x0,
    0x0, 0xbf, 0xf1, 0x0, 0x5f, 0xf7, 0x0, 0x0,

    /* U+0176 "Ŷ" */
    0x0, 0x0, 0x2e, 0xfe, 0x10, 0x0, 0x0, 0x2,
    0xee, 0x7f, 0xb0, 0x0, 0x0, 0x5, 0x71, 0x4,
    0x82, 0x0, 0x8f, 0xf1, 0x0, 0x0, 0x7f, 0xf3,
    0x2f, 0xf7, 0x0, 0x3, 0xff, 0x70, 0xc, 0xfd,
    0x0, 0x1e, 0xfb, 0x0, 0x6, 0xff, 0x30, 0xbf,
    0xe1, 0x0, 0x0, 0xff, 0x97, 0xff, 0x40, 0x0,
    0x0, 0xaf, 0xff, 0xf8, 0x0, 0x0, 0x0, 0x4f,
    0xff, 0xc0, 0x0, 0x0, 0x0, 0xe, 0xfe, 0x10,
    0x0, 0x0, 0x0, 0xf, 0xfa, 0x0, 0x0, 0x0,
    0x0, 0x2f, 0xf7, 0x0, 0x0, 0x0, 0x0, 0x5f,
    0xf4, 0x0, 0x0, 0x0, 0x0, 0x8f, 0xf1, 0x0,
    0x0, 0x0,

    /* U+0177 "ŷ" */
    0x0, 0x0, 0x0, 0xaf, 0xf8, 0x0, 0x0, 0x0,
    0x1, 0xce, 0x47, 0xf6, 0x0, 0x0, 0x0, 0x0,
    0x0, 0x0, 0x0, 0x0, 0x2, 0xff, 0x50, 0x0,
    0x3f, 0xf4, 0x0, 0xe, 0xf8, 0x0, 0xc, 0xfa,
    0x0, 0x0, 0xbf, 0xc0, 0x6, 0xfe, 0x10, 0x0,
    0x7, 0xff, 0x1, 0xef, 0x60, 0x0, 0x0, 0x3f,
    0xf3, 0xaf, 0xc0, 0x0, 0x0, 0x0, 0xff, 0xaf,
    0xf3, 0x0, 0x0, 0x0, 0xc, 0xff, 0xf8, 0x0,
    0x0, 0x0, 0x0, 0x8f, 0xfe, 0x0, 0x0, 0x0,
    0x0, 0x5, 0xff, 0x50, 0x0, 0x0, 0x4, 0x33,
    0xdf, 0xb0, 0x0, 0x0, 0x1, 0xef, 0xff, 0xe1,
    0x0, 0x0, 0x0, 0x2b, 0xee, 0xa1, 0x0, 0x0,
    0x0, 0x0,

    /* U+0178 "Ÿ" */
    0x0, 0x1, 0xdb, 0xb, 0xe1, 0x0, 0x0, 0x3,
    0xfd, 0xf, 0xf1, 0x0, 0x0, 0x0, 0x31, 0x2,
    0x20, 0x0, 0x8f, 0xf1, 0x0, 0x0, 0x7f, 0xf3,
    0x2f, 0xf7, 0x0, 0x3, 0xff, 0x70, 0xc, 0xfd,
    0x0, 0x1e, 0xfb, 0x0, 0x6, 0xff, 0x30, 0xbf,
    0xe1, 0x0, 0x0, 0xff, 0x97, 0xff, 0x40, 0x0,
    0x0, 0xaf, 0xff, 0xf8, 0x0, 0x0, 0x0, 0x4f,
    0xff, 0xc0, 0x0, 0x0, 0x0, 0xe, 0xfe, 0x10,
    0x0, 0x0, 0x0, 0xf, 0xfa, 0x0, 0x0, 0x0,
    0x0, 0x2f, 0xf7, 0x0, 0x0, 0x0, 0x0, 0x5f,
    0xf4, 0x0, 0x0, 0x0, 0x0, 0x8f, 0xf1, 0x0,
    0x0, 0x0,

    /* U+0179 "Ź" */
    0x0, 0x0, 0x0, 0x0, 0x8f, 0xe3, 0x0, 0x0,
    0x0, 0x0, 0x7f, 0xb1, 0x0, 0x0, 0x0, 0x0,
    0x17, 0x60, 0x0, 0x0, 0x0, 0xff, 0xff, 0xff,
    0xff, 0xf7, 0x0, 0x2f, 0xff, 0xff, 0xff, 0xff,
    0x40, 0x0, 0x33, 0x33, 0x3c, 0xff, 0x90, 0x0,
    0x0, 0x0, 0x9, 0xff, 0xa0, 0x0, 0x0, 0x0,
    0x9, 0xff, 0xa0, 0x0, 0x0, 0x0, 0x8, 0xff,
    0xb0, 0x0, 0x0, 0x0, 0x7, 0xff, 0xc0, 0x0,
    0x0, 0x0, 0x6, 0xff, 0xc1, 0x0, 0x0, 0x0,
    0x5, 0xff, 0xd1, 0x0, 0x0, 0x0, 0x4, 0xff,
    0xf4, 0x22, 0x22, 0x20, 0x0, 0xff, 0xff, 0xff,
    0xff, 0xfd, 0x0, 0x2f, 0xff, 0xff, 0xff, 0xff,
    0x90, 0x0,

    /* U+017A "ź" */
    0x0, 0x0, 0x0, 0x4e, 0xf6, 0x0, 0x0, 0x0,
    0x6f, 0xb1, 0x0, 0x0, 0x0, 0x0, 0x0, 0x0,
    0x0, 0x8, 0xff, 0xff, 0xff, 0xd0, 0x0, 0xbf,
    0xff, 0xff, 0xf9, 0x0, 0x0, 0x0, 0x3f, 0xfb,
    0x0, 0x0, 0x0, 0x3f, 0xfb, 0x0, 0x0, 0x0,
    0x3f, 0xfc, 0x0, 0x0, 0x0, 0x3e, 0xfc, 0x0,
    0x0, 0x0, 0x2e, 0xfc, 0x0, 0x0, 0x0, 0xe,
    0xff, 0xff, 0xff, 0xa0, 0x3, 0xff, 0xff, 0xff,
    0xf7, 0x0,

    /* U+017B "Ż" */
    0x0, 0x0, 0x0, 0x8, 0xf6, 0x0, 0x0, 0x0,
    0x0, 0x0, 0xff, 0xa0, 0x0, 0x0, 0x0, 0x0,
    0x7, 0xb2, 0x0, 0x0, 0x0, 0xff, 0xff, 0xff,
    0xff, 0xf7, 0x0, 0x2f, 0xff, 0xff, 0xff, 0xff,
    0x40, 0x0, 0x33, 0x33, 0x3c, 0xff, 0x90, 0x0,
    0x0, 0x0, 0x9, 0xff, 0xa0, 0x0, 0x0, 0x0,
    0x9, 0xff, 0xa0, 0x0, 0x0, 0x0, 0x8, 0xff,
    0xb0, 0x0, 0x0, 0x0, 0x7, 0xff, 0xc0, 0x0,
    0x0, 0x0, 0x6, 0xff, 0xc1, 0x0, 0x0, 0x0,
    0x5, 0xff, 0xd1, 0x0, 0x0, 0x0, 0x4, 0xff,
    0xf4, 0x22, 0x22, 0x20, 0x0, 0xff, 0xff, 0xff,
    0xff, 0xfd, 0x0, 0x2f, 0xff, 0xff, 0xff, 0xff,
    0x90, 0x0,

    /* U+017C "ż" */
    0x0, 0x0, 0x0, 0x64, 0x0, 0x0, 0x0, 0x7,
    0xff, 0x0, 0x0, 0x0, 0x7, 0xfd, 0x0, 0x0,
    0x0, 0x0, 0x31, 0x0, 0x0, 0x8f, 0xff, 0xff,
    0xfd, 0x0, 0xbf, 0xff, 0xff, 0xf9, 0x0, 0x0,
    0x3, 0xff, 0xb0, 0x0, 0x0, 0x3f, 0xfb, 0x0,
    0x0, 0x3, 0xff, 0xc0, 0x0, 0x0, 0x3e, 0xfc,
    0x0, 0x0, 0x2, 0xef, 0xc0, 0x0, 0x0, 0xe,
    0xff, 0xff, 0xff, 0xa0, 0x3f, 0xff, 0xff, 0xff,
    0x70,

    /* U+017D "Ž" */
    0x0, 0x0, 0x9, 0xf4, 0x2d, 0xd1, 0x0, 0x0,
    0x0, 0xd, 0xfe, 0xe1, 0x0, 0x0, 0x0, 0x0,
    0x28, 0x82, 0x0, 0x0, 0x0, 0xff, 0xff, 0xff,
    0xff, 0xf7, 0x0, 0x2f, 0xff, 0xff, 0xff, 0xff,
    0x40, 0x0, 0x33, 0x33, 0x3c, 0xff, 0x90, 0x0,
    0x0, 0x0, 0x9, 0xff, 0xa0, 0x0, 0x0, 0x0,
    0x9, 0xff, 0xa0, 0x0, 0x0, 0x0, 0x8, 0xff,
    0xb0, 0x0, 0x0, 0x0, 0x7, 0xff, 0xc0, 0x0,
    0x0, 0x0, 0x6, 0xff, 0xc1, 0x0, 0x0, 0x0,
    0x5, 0xff, 0xd1, 0x0, 0x0, 0x0, 0x4, 0xff,
    0xf4, 0x22, 0x22, 0x20, 0x0, 0xff, 0xff, 0xff,
    0xff, 0xfd, 0x0, 0x2f, 0xff, 0xff, 0xff, 0xff,
    0x90, 0x0,

    /* U+017E "ž" */
    0x0, 0x1, 0xdd, 0x28, 0xf7, 0x0, 0x0, 0x2,
    0xef, 0xf4, 0x0, 0x0, 0x0, 0x0, 0x0, 0x0,
    0x0, 0x8, 0xff, 0xff, 0xff, 0xd0, 0x0, 0xbf,
    0xff, 0xff, 0xf9, 0x0, 0x0, 0x0, 0x3f, 0xfb,
    0x0, 0x0, 0x0, 0x3f, 0xfb, 0x0, 0x0, 0x0,
    0x3f, 0xfc, 0x0, 0x0, 0x0, 0x3e, 0xfc, 0x0,
    0x0, 0x0, 0x2e, 0xfc, 0x0, 0x0, 0x0, 0xe,
    0xff, 0xff, 0xff, 0xa0, 0x3, 0xff, 0xff, 0xff,
    0xf7, 0x0,

    /* U+017F "ſ" */
    0x0, 0x1, 0xae, 0xfc, 0x10, 0x0, 0xdf, 0xff,
    0xb0, 0x0, 0x6f, 0xf6, 0x11, 0x0, 0xff, 0xff,
    0x0, 0x0, 0x2f, 0xff, 0xc0, 0x0, 0x0, 0xf,
    0xf9, 0x0, 0x0, 0x3, 0xff, 0x60, 0x0, 0x0,
    0x6f, 0xf2, 0x0, 0x0, 0x9, 0xff, 0x0, 0x0,
    0x0, 0xcf, 0xc0, 0x0, 0x0, 0xf, 0xf9, 0x0,
    0x0, 0x2, 0xff, 0x60, 0x0, 0x0,

    /* U+2007 " " */

    /* U+2008 " " */

    /* U+2009 " " */

    /* U+200A " " */

    /* U+200B "​" */

    /* U+2010 "‐" */
    0x0, 0x11, 0x10, 0xf, 0xff, 0xf7, 0x3f, 0xff,
    0xf4,

    /* U+2012 "‒" */
    0x8, 0x99, 0x99, 0x99, 0x99, 0x81, 0xff, 0xff,
    0xff, 0xff, 0xfb,

    /* U+2013 "–" */
    0x8, 0x99, 0x99, 0x99, 0x91, 0xf, 0xff, 0xff,
    0xff, 0xf0,

    /* U+2014 "—" */
    0x8, 0x99, 0x99, 0x99, 0x99, 0x99, 0x99, 0x99,
    0x91, 0xf, 0xff, 0xff, 0xff, 0xff, 0xff, 0xff,
    0xff, 0xf0,

    /* U+2015 "―" */
    0x8, 0x99, 0x99, 0x99, 0x99, 0x99, 0x99, 0x99,
    0x91, 0xf, 0xff, 0xff, 0xff, 0xff, 0xff, 0xff,
    0xff, 0xf0,

    /* U+2018 "‘" */
    0x0, 0xdb, 0x8, 0xf4, 0x2f, 0xe0, 0x9f, 0xf4,
    0x9f, 0xf3, 0x17, 0x40,

    /* U+2019 "’" */
    0xa, 0xf7, 0x2f, 0xfd, 0xe, 0xf8, 0xe, 0xe1,
    0x5f, 0x50, 0x57, 0x0,

    /* U+201A "‚" */
    0x1, 0x73, 0x0, 0xdf, 0xf0, 0xf, 0xff, 0x0,
    0x9f, 0x70, 0xe, 0xd0, 0x6, 0xf3, 0x0,

    /* U+201C "“" */
    0x0, 0xdb, 0x2, 0xf8, 0x8, 0xf4, 0xb, 0xf1,
    0x2f, 0xe0, 0x5f, 0xb0, 0x9f, 0xf4, 0xdf, 0xf1,
    0x9f, 0xf3, 0xdf, 0xe0, 0x17, 0x40, 0x27, 0x20,

    /* U+201D "”" */
    0xa, 0xf7, 0x1c, 0xe4, 0x2f, 0xfd, 0x6f, 0xf9,
    0xe, 0xf8, 0x3f, 0xf5, 0xe, 0xe1, 0x2f, 0xb0,
    0x5f, 0x50, 0x9f, 0x20, 0x57, 0x0, 0x75, 0x0,

    /* U+201E "„" */
    0x1, 0x73, 0x3, 0x71, 0xd, 0xff, 0x2f, 0xfb,
    0xf, 0xff, 0x2f, 0xfb, 0x9, 0xf7, 0xc, 0xf3,
    0xe, 0xd0, 0x2f, 0x90, 0x6f, 0x30, 0xae, 0x10,

    /* U+2020 "†" */
    0x0, 0x0, 0x4f, 0xf3, 0x0, 0x0, 0x0, 0x7f,
    0xf0, 0x0, 0x0, 0x0, 0xaf, 0xd0, 0x0, 0x1,
    0x22, 0xdf, 0xb2, 0x21, 0xf, 0xff, 0xff, 0xff,
    0xf8, 0x2f, 0xff, 0xff, 0xff, 0xf5, 0x0, 0x6,
    0xff, 0x10, 0x0, 0x0, 0x9, 0xfe, 0x0, 0x0,
    0x0, 0xc, 0xfb, 0x0, 0x0, 0x0, 0xf, 0xf8,
    0x0, 0x0, 0x0, 0x2f, 0xf5, 0x0, 0x0, 0x0,
    0x5f, 0xf2, 0x0, 0x0, 0x0, 0x8f, 0xe0, 0x0,
    0x0, 0x0, 0xcf, 0xb0, 0x0, 0x0, 0x0, 0xff,
    0x80, 0x0, 0x0,

    /* U+2021 "‡" */
    0x0, 0x0, 0x4, 0xff, 0x30, 0x0, 0x0, 0x0,
    0x7f, 0xf0, 0x0, 0x0, 0x0, 0xa, 0xfd, 0x0,
    0x0, 0x1, 0x22, 0xdf, 0xb2, 0x21, 0x0, 0xff,
    0xff, 0xff, 0xff, 0x80, 0x2f, 0xff, 0xff, 0xff,
    0xf5, 0x0, 0x0, 0x5f, 0xf2, 0x0, 0x0, 0x0,
    0x8, 0xff, 0x0, 0x0, 0x0, 0x0, 0xaf, 0xc0,
    0x0, 0x0, 0x12, 0x2d, 0xfb, 0x22, 0x10, 0xf,
    0xff, 0xff, 0xff, 0xf7, 0x3, 0xff, 0xff, 0xff,
    0xff, 0x40, 0x0, 0x7, 0xff, 0x10, 0x0, 0x0,
    0x0, 0xaf, 0xd0, 0x0, 0x0, 0x0, 0xe, 0xf9,
    0x0, 0x0, 0x0,

    /* U+2022 "•" */
    0x0, 0x1, 0x0, 0x7f, 0xf6, 0xf, 0xff, 0xd0,
    0xff, 0xfc, 0x7, 0xfd, 0x20,

    /* U+2026 "…" */
    0x0, 0x20, 0x0, 0x11, 0x0, 0x1, 0x0, 0xaf,
    0xc0, 0x6f, 0xf2, 0x2e, 0xf5, 0xf, 0xff, 0xb,
    0xff, 0x46, 0xff, 0x90, 0x9f, 0x80, 0x5f, 0xb0,
    0x2d, 0xd2,

    /* U+2030 "‰" */
    0x5, 0xdf, 0xb1, 0x0, 0x4, 0xfb, 0x0, 0x0,
    0x0, 0x3, 0xfa, 0x7f, 0x90, 0x2, 0xed, 0x10,
    0x0, 0x0, 0x0, 0xaf, 0x0, 0xdc, 0x0, 0xdf,
    0x20, 0x0, 0x0, 0x0, 0xc, 0xd0, 0xe, 0xb0,
    0xbf, 0x50, 0x0, 0x0, 0x0, 0x0, 0xaf, 0x27,
    0xf5, 0x8f, 0x80, 0x0, 0x0, 0x0, 0x0, 0x3,
    0xef, 0xf9, 0x5f, 0xb0, 0x0, 0x0, 0x0, 0x0,
    0x0, 0x0, 0x31, 0x2f, 0xd2, 0xbf, 0xf8, 0x0,
    0xaf, 0xf9, 0x0, 0x0, 0x1e, 0xe2, 0xbf, 0x5a,
    0xf3, 0xaf, 0x69, 0xf4, 0x0, 0xc, 0xf4, 0x1f,
    0x80, 0x4f, 0x6f, 0xa0, 0x3f, 0x60, 0x9, 0xf7,
    0x3, 0xf6, 0x7, 0xf5, 0xf7, 0x5, 0xf4, 0x6,
    0xfa, 0x0, 0x1f, 0xc6, 0xec, 0xf, 0xd6, 0xed,
    0x3, 0xfc, 0x0, 0x0, 0x5e, 0xfb, 0x10, 0x4d,
    0xfb, 0x20,

    /* U+2032 "′" */
    0xe, 0xf2, 0x1f, 0xe0, 0x3f, 0xb0, 0x6f, 0x70,
    0x5b, 0x30,

    /* U+2033 "″" */
    0xe, 0xf2, 0xaf, 0x71, 0xfe, 0xc, 0xf3, 0x3f,
    0xb0, 0xef, 0x6, 0xf7, 0x1f, 0xc0, 0x5b, 0x32,
    0xb6, 0x0,

    /* U+2039 "‹" */
    0x0, 0x5, 0x74, 0x0, 0x6f, 0xd1, 0x4, 0xfe,
    0x20, 0x2f, 0xf3, 0x0, 0x1f, 0xf3, 0x0, 0x8,
    0xfb, 0x0, 0x1, 0xff, 0x20,

    /* U+203A "›" */
    0x0, 0x57, 0x20, 0x0, 0x7f, 0xc0, 0x0, 0xe,
    0xf4, 0x0, 0x9, 0xfb, 0x0, 0x2e, 0xf4, 0x1,
    0xdf, 0x50, 0xc, 0xf7, 0x0,

    /* U+2044 "⁄" */
    0x0, 0x0, 0x0, 0x0, 0x0, 0xcf, 0x30, 0x0,
    0x0, 0x0, 0x0, 0x9f, 0x60, 0x0, 0x0, 0x0,
    0x0, 0x6f, 0x90, 0x0, 0x0, 0x0, 0x0, 0x4f,
    0xc0, 0x0, 0x0, 0x0, 0x0, 0x2e, 0xe1, 0x0,
    0x0, 0x0, 0x0, 0xd, 0xf2, 0x0, 0x0, 0x0,
    0x0, 0xa, 0xf5, 0x0, 0x0, 0x0, 0x0, 0x7,
    0xf8, 0x0, 0x0, 0x0, 0x0, 0x5, 0xfb, 0x0,
    0x0, 0x0, 0x0, 0x2, 0xfd, 0x0, 0x0, 0x0,
    0x0, 0x1, 0xde, 0x20, 0x0, 0x0, 0x0, 0x0,
    0xbf, 0x40, 0x0, 0x0, 0x0, 0x0,

    /* U+2052 "⁒" */
    0x0, 0xbe, 0x30, 0x2f, 0xa0, 0x1f, 0xf6, 0xb,
    0xf2, 0x0, 0x89, 0x3, 0xfa, 0x0, 0x0, 0x0,
    0xbf, 0x10, 0x0, 0x0, 0x4f, 0x90, 0x0, 0x0,
    0xc, 0xf1, 0x0, 0x0, 0x5, 0xf8, 0x0, 0x0,
    0x0, 0xde, 0x0, 0x0, 0x0, 0x6f, 0x70, 0x0,
    0x0, 0xe, 0xe0, 0x2a, 0x50, 0x7, 0xf6, 0xb,
    0xfd, 0x0, 0xed, 0x0, 0x7f, 0x70,

    /* U+20A1 "₡" */
    0x0, 0x0, 0x0, 0x2, 0xf5, 0xad, 0x0, 0x0,
    0x0, 0x0, 0x8e, 0x1f, 0x60, 0x0, 0x0, 0x5b,
    0xef, 0xfe, 0xf1, 0x0, 0x0, 0xbf, 0xff, 0xff,
    0xff, 0xd0, 0x0, 0xbf, 0xfa, 0xf9, 0x8f, 0xf6,
    0x0, 0x5f, 0xf8, 0x6f, 0x2d, 0xa2, 0x0, 0xc,
    0xfe, 0xd, 0xb4, 0xf3, 0x0, 0x0, 0xff, 0x94,
    0xf4, 0xbc, 0x0, 0x0, 0x2f, 0xf7, 0xbd, 0x2f,
    0x50, 0x0, 0x2, 0xff, 0xbf, 0x69, 0xe0, 0x0,
    0x0, 0xe, 0xff, 0xe1, 0xf8, 0x7, 0x0, 0x0,
    0x7f, 0xfe, 0xbf, 0x8d, 0xfa, 0x0, 0x0, 0xbf,
    0xff, 0xff, 0xff, 0x80, 0x0, 0xc, 0xdd, 0xff,
    0xea, 0x30, 0x0, 0x2, 0xf4, 0xac, 0x0, 0x0,
    0x0, 0x0, 0x9e, 0x1f, 0x60, 0x0, 0x0, 0x0,

    /* U+20A3 "₣" */
    0x0, 0x0, 0xbf, 0xff, 0xff, 0xff, 0xc0, 0x0,
    0xe, 0xff, 0xff, 0xff, 0xf9, 0x0, 0x1, 0xff,
    0x92, 0x22, 0x22, 0x10, 0x0, 0x4f, 0xf5, 0x0,
    0x0, 0x0, 0x0, 0x7, 0xff, 0x30, 0x0, 0x0,
    0x0, 0x0, 0xaf, 0xf3, 0x22, 0x22, 0x0, 0x0,
    0xd, 0xff, 0xff, 0xff, 0xf1, 0x0, 0x0, 0xff,
    0xff, 0xff, 0xfd, 0x0, 0x1, 0x4f, 0xf8, 0x11,
    0x10, 0x0, 0x0, 0xff, 0xff, 0xff, 0xfa, 0x0,
    0x0, 0x4, 0xbf, 0xf4, 0x44, 0x20, 0x0, 0x0,
    0xb, 0xfd, 0x0, 0x0, 0x0, 0x0,

    /* U+20A4 "₤" */
    0x0, 0x0, 0x0, 0x5b, 0xef, 0xeb, 0x30, 0x0,
    0x0, 0xbf, 0xff, 0xff, 0xf4, 0x0, 0x0, 0xaf,
    0xfa, 0x54, 0x69, 0x0, 0x1, 0x3f, 0xfa, 0x11,
    0x10, 0x0, 0x0, 0xff, 0xff, 0xff, 0xff, 0x0,
    0x0, 0x4, 0xbf, 0xf4, 0x44, 0x40, 0x0, 0x0,
    0x1b, 0xfe, 0x11, 0x11, 0x0, 0x0, 0x7f, 0xff,
    0xff, 0xff, 0x90, 0x0, 0x2, 0x5f, 0xfa, 0x44,
    0x42, 0x0, 0x0, 0x25, 0xff, 0x62, 0x22, 0x21,
    0x0, 0x1f, 0xff, 0xff, 0xff, 0xff, 0x90, 0x4,
    0xff, 0xff, 0xff, 0xff, 0xf6, 0x0,

    /* U+20A6 "₦" */
    0x0, 0xa, 0xfd, 0x0, 0x0, 0xe, 0xfa, 0x0,
    0x0, 0xdf, 0xf6, 0x0, 0x1, 0xff, 0x70, 0x0,
    0xf, 0xff, 0xe0, 0x0, 0x4f, 0xf3, 0x0, 0x14,
    0xff, 0xff, 0x70, 0x6, 0xff, 0x20, 0xf, 0xff,
    0xfc, 0xfe, 0x0, 0x9f, 0xff, 0x70, 0x4b, 0xff,
    0x2f, 0xf7, 0xc, 0xfc, 0x41, 0x1, 0xbf, 0xc0,
    0x9f, 0xf1, 0xff, 0x91, 0x7, 0xff, 0xf9, 0x1,
    0xff, 0xbf, 0xff, 0xf0, 0x25, 0xff, 0x60, 0x8,
    0xff, 0xff, 0x63, 0x0, 0x4f, 0xf3, 0x0, 0x1e,
    0xff, 0xf0, 0x0, 0x7, 0xff, 0x0, 0x0, 0x7f,
    0xfc, 0x0, 0x0, 0xaf, 0xd0, 0x0, 0x0, 0xef,
    0x90, 0x0,

    /* U+20A7 "₧" */
    0x0, 0x6f, 0xff, 0xff, 0xd8, 0x10, 0x0, 0x24,
    0x40, 0x0, 0x0, 0x0, 0x0, 0x0, 0x0, 0x9f,
    0xff, 0xff, 0xff, 0xd0, 0x0, 0xaf, 0xd0, 0x0,
    0x0, 0x0, 0x0, 0x0, 0x0, 0xcf, 0xd3, 0x34,
    0xcf, 0xf6, 0x0, 0xcf, 0xb0, 0x0, 0x0, 0x0,
    0x0, 0x0, 0x0, 0xff, 0xa0, 0x0, 0x2f, 0xf9,
    0x5f, 0xff, 0xff, 0xa0, 0x18, 0xdf, 0xfd, 0x90,
    0x2, 0xff, 0x70, 0x0, 0x1f, 0xf8, 0x8f, 0xff,
    0xff, 0x70, 0xdf, 0xff, 0xff, 0xb0, 0x5, 0xff,
    0x50, 0x0, 0x5f, 0xf5, 0x5, 0xff, 0x10, 0x4,
    0xff, 0x40, 0x15, 0x30, 0x8, 0xff, 0x42, 0x36,
    0xef, 0xe0, 0x9, 0xfe, 0x0, 0x5, 0xff, 0xa5,
    0x10, 0x0, 0xb, 0xff, 0xff, 0xff, 0xff, 0x30,
    0xc, 0xfb, 0x0, 0x0, 0xbf, 0xff, 0xfb, 0x10,
    0xe, 0xff, 0xff, 0xfd, 0x91, 0x0, 0xf, 0xf8,
    0x0, 0x0, 0x2, 0x6a, 0xff, 0x70, 0x1f, 0xf9,
    0x0, 0x0, 0x0, 0x0, 0xf, 0xf8, 0x0, 0x4,
    0x30, 0x1, 0xef, 0x70, 0x4f, 0xf6, 0x0, 0x0,
    0x0, 0x0, 0xe, 0xff, 0xf8, 0x1f, 0xff, 0xef,
    0xfe, 0x10, 0x7f, 0xf2, 0x0, 0x0, 0x0, 0x0,
    0x3, 0xcf, 0xe8, 0x29, 0xde, 0xfd, 0x92, 0x0,

    /* U+20A9 "₩" */
    0x0, 0xdf, 0xc0, 0x0, 0x2, 0xff, 0xa0, 0x0,
    0x3, 0xff, 0x50, 0xb, 0xfe, 0x0, 0x0, 0x9f,
    0xfc, 0x0, 0x0, 0xbf, 0xd0, 0x0, 0x9f, 0xf0,
    0x0, 0x1f, 0xff, 0xe0, 0x0, 0x3f, 0xf4, 0x0,
    0x17, 0xff, 0x20, 0x9, 0xff, 0xff, 0x0, 0xb,
    0xfd, 0x10, 0xf, 0xff, 0xf4, 0x1, 0xff, 0x7f,
    0xf2, 0x2, 0xff, 0xff, 0x0, 0x46, 0xff, 0x60,
    0x9f, 0xc0, 0xff, 0x40, 0xaf, 0xc4, 0x30, 0x1,
    0x2f, 0xf8, 0x1f, 0xf3, 0xe, 0xf6, 0x2f, 0xf8,
    0x10, 0x7, 0xff, 0xff, 0x99, 0xfb, 0x0, 0xcf,
    0x8a, 0xff, 0xff, 0x80, 0x24, 0x4d, 0xfd, 0xff,
    0x30, 0xa, 0xfc, 0xff, 0x94, 0x41, 0x0, 0x0,
    0xbf, 0xff, 0xb0, 0x0, 0x8f, 0xff, 0xe0, 0x0,
    0x0, 0x0, 0x8, 0xff, 0xf3, 0x0, 0x6, 0xff,
    0xf6, 0x0, 0x0, 0x0, 0x0, 0x6f, 0xfb, 0x0,
    0x0, 0x4f, 0xfd, 0x0, 0x0, 0x0,

    /* U+20AB "₫" */
    0x0, 0x0, 0x0, 0x4f, 0xff, 0xff, 0xf4, 0x0,
    0x0, 0x0, 0x25, 0x5b, 0xfe, 0x50, 0x0, 0x0,
    0x0, 0x0, 0xb, 0xfb, 0x0, 0x0, 0x2, 0x9e,
    0xfc, 0x4d, 0xf9, 0x0, 0x0, 0x2e, 0xff, 0xff,
    0xff, 0xf6, 0x0, 0x0, 0xdf, 0xf6, 0x25, 0xff,
    0xf3, 0x0, 0x3, 0xff, 0x60, 0x0, 0x9f, 0xf0,
    0x0, 0x6, 0xff, 0x10, 0x0, 0x8f, 0xd0, 0x0,
    0x7, 0xff, 0x20, 0x0, 0xdf, 0xa0, 0x0, 0x4,
    0xff, 0xb3, 0x3a, 0xff, 0x80, 0x0, 0x0, 0xbf,
    0xff, 0xff, 0xff, 0x50, 0x0, 0x0, 0x9, 0xef,
    0xc7, 0xff, 0x20, 0x0, 0x1, 0x11, 0x11, 0x11,
    0x11, 0x0, 0x0, 0x4f, 0xff, 0xff, 0xff, 0xfb,
    0x0, 0x0, 0x14, 0x44, 0x44, 0x44, 0x42, 0x0,
    0x0,

    /* U+20AC "€" */
    0x0, 0x0, 0x1, 0x8d, 0xff, 0xd9, 0x10, 0x0,
    0x0, 0x6f, 0xff, 0xff, 0xff, 0xf2, 0x0, 0x6,
    0xff, 0xe8, 0x54, 0x9f, 0xd2, 0x1, 0x2f, 0xfe,
    0x31, 0x11, 0x3, 0x0, 0xf, 0xff, 0xff, 0xff,
    0xf9, 0x0, 0x0, 0x4, 0xcf, 0xf4, 0x44, 0x42,
    0x0, 0x0, 0x1, 0xcf, 0xe1, 0x11, 0x10, 0x0,
    0x0, 0x7f, 0xff, 0xff, 0xff, 0xf2, 0x0, 0x0,
    0x24, 0xbf, 0xf7, 0x44, 0x40, 0x10, 0x0, 0x0,
    0x4f, 0xfe, 0x85, 0x58, 0xec, 0x10, 0x0, 0x8,
    0xff, 0xff, 0xff, 0xfd, 0x10, 0x0, 0x0, 0x3a,
    0xef, 0xfc, 0x70, 0x0,

    /* U+20AD "₭" */
    0x0, 0xa, 0xfe, 0x0, 0x4, 0xff, 0xd1, 0x0,
    0xd, 0xfb, 0x0, 0x2f, 0xfe, 0x10, 0x0, 0xf,
    0xf8, 0x2, 0xef, 0xe2, 0x0, 0x0, 0x3f, 0xf5,
    0x1d, 0xff, 0x30, 0x0, 0x0, 0x6f, 0xf3, 0xcf,
    0xf5, 0x0, 0x0, 0x19, 0xcf, 0xfc, 0xff, 0xd9,
    0x90, 0x0, 0x5f, 0xff, 0xff, 0xff, 0xff, 0xf0,
    0x0, 0x0, 0xff, 0x98, 0xff, 0x60, 0x0, 0x0,
    0x2, 0xff, 0x60, 0xef, 0xe1, 0x0, 0x0, 0x5,
    0xff, 0x30, 0x5f, 0xf9, 0x0, 0x0, 0x8, 0xff,
    0x0, 0xb, 0xff, 0x30, 0x0, 0xb, 0xfd, 0x0,
    0x2, 0xff, 0xc0, 0x0,

    /* U+20AE "₮" */
    0xf, 0xff, 0xff, 0xff, 0xff, 0xc2, 0xff, 0xff,
    0xff, 0xff, 0xf9, 0x3, 0x33, 0xdf, 0xd3, 0x33,
    0x10, 0x0, 0xf, 0xfa, 0x38, 0x0, 0x0, 0x2,
    0xff, 0xef, 0x80, 0x0, 0x0, 0x7f, 0xfa, 0x31,
    0x0, 0x5, 0xdf, 0xff, 0x9e, 0x40, 0x0, 0xd8,
    0xcf, 0xfd, 0x60, 0x0, 0x2, 0x9f, 0xfb, 0x0,
    0x0, 0x3, 0xfd, 0xff, 0x80, 0x0, 0x0, 0x44,
    0x4f, 0xf5, 0x0, 0x0, 0x0, 0x7, 0xff, 0x20,
    0x0, 0x0,

    /* U+20B1 "₱" */
    0x0, 0x9, 0xff, 0xff, 0xec, 0x50, 0x0, 0x0,
    0x0, 0xcf, 0xff, 0xff, 0xff, 0x60, 0x0, 0x0,
    0xe, 0xfa, 0x33, 0x5d, 0xff, 0x0, 0x0, 0xbf,
    0xff, 0x60, 0x0, 0x5f, 0xff, 0xf3, 0x6, 0xaf,
    0xf3, 0x0, 0x4, 0xff, 0xa7, 0x2, 0xff, 0xff,
    0x10, 0x0, 0x9f, 0xff, 0xc0, 0x14, 0xdf, 0xf2,
    0x23, 0x8f, 0xfa, 0x42, 0x0, 0xe, 0xff, 0xff,
    0xff, 0xfc, 0x10, 0x0, 0x1, 0xff, 0xff, 0xff,
    0xc7, 0x0, 0x0, 0x0, 0x4f, 0xf5, 0x0, 0x0,
    0x0, 0x0, 0x0, 0x7, 0xff, 0x20, 0x0, 0x0,
    0x0, 0x0, 0x0, 0xaf, 0xe0, 0x0, 0x0, 0x0,
    0x0, 0x0,

    /* U+20B2 "₲" */
    0x0, 0x0, 0x0, 0x4, 0x80, 0x0, 0x0, 0x0,
    0x0, 0x0, 0xae, 0x0, 0x0, 0x0, 0x0, 0x5b,
    0xef, 0xfe, 0x91, 0x0, 0x0, 0xbf, 0xff, 0xff,
    0xff, 0xe2, 0x0, 0xbf, 0xfc, 0x9f, 0x89, 0xfc,
    0x10, 0x5f, 0xfa, 0x7, 0xf1, 0x4, 0x0, 0xc,
    0xfe, 0x0, 0xae, 0x0, 0x0, 0x0, 0xff, 0x90,
    0xd, 0xb0, 0x23, 0x10, 0x2f, 0xf7, 0x1, 0xf8,
    0xe, 0xf6, 0x2, 0xff, 0x90, 0x4f, 0x51, 0xff,
    0x30, 0xf, 0xfe, 0x27, 0xf2, 0x4f, 0xf0, 0x0,
    0x8f, 0xff, 0xdf, 0x5c, 0xfd, 0x0, 0x0, 0xaf,
    0xff, 0xff, 0xff, 0x80, 0x0, 0x0, 0x5b, 0xff,
    0xea, 0x40, 0x0, 0x0, 0x0, 0x3f, 0x60, 0x0,
    0x0, 0x0, 0x0, 0x5, 0xf3, 0x0, 0x0, 0x0,

    /* U+20B4 "₴" */
    0x0, 0x7, 0xbe, 0xfe, 0xb4, 0x0, 0x0, 0xf,
    0xff, 0xff, 0xff, 0x60, 0x0, 0xa, 0x74, 0x25,
    0xdf, 0xc0, 0x1, 0x11, 0x11, 0x12, 0xdf, 0xc1,
    0x6f, 0xff, 0xff, 0xff, 0xff, 0xf9, 0x36, 0x66,
    0x66, 0x66, 0x66, 0x62, 0xdf, 0xff, 0xff, 0xff,
    0xff, 0xf2, 0x4f, 0xfd, 0x54, 0x44, 0x44, 0x40,
    0x2f, 0xf5, 0x0, 0x0, 0x11, 0x0, 0xf, 0xfb,
    0x33, 0x59, 0xf5, 0x0, 0x9, 0xff, 0xff, 0xff,
    0xf8, 0x0, 0x0, 0x6c, 0xff, 0xda, 0x50, 0x0,

    /* U+20B5 "₵" */
    0x0, 0x0, 0x0, 0x4, 0x80, 0x0, 0x0, 0x0,
    0x0, 0x0, 0xae, 0x0, 0x0, 0x0, 0x0, 0x5b,
    0xef, 0xfd, 0x70, 0x0, 0x0, 0xbf, 0xff, 0xff,
    0xff, 0xb0, 0x0, 0xbf, 0xfc, 0x9f, 0x9c, 0xf9,
    0x0, 0x5f, 0xf9, 0x7, 0xf2, 0x5, 0x0, 0xc,
    0xfe, 0x0, 0xae, 0x0, 0x0, 0x0, 0xff, 0x90,
    0xd, 0xb0, 0x0, 0x0, 0x2f, 0xf7, 0x0, 0xf8,
    0x0, 0x0, 0x2, 0xff, 0x80, 0x4f, 0x50, 0x0,
    0x0, 0xf, 0xfe, 0x17, 0xf2, 0x6, 0x0, 0x0,
    0x8f, 0xfe, 0xdf, 0x6c, 0xf9, 0x0, 0x0, 0xbf,
    0xff, 0xff, 0xff, 0x90, 0x0, 0x0, 0x6c, 0xff,
    0xeb, 0x40, 0x0, 0x0, 0x0, 0x3f, 0x60, 0x0,
    0x0, 0x0, 0x0, 0x5, 0xf3, 0x0, 0x0, 0x0,

    /* U+20B8 "₸" */
    0xc, 0xff, 0xff, 0xff, 0xff, 0xf0, 0x4, 0x55,
    0x55, 0x55, 0x55, 0x40, 0x0, 0x0, 0x0, 0x0,
    0x0, 0x0, 0x3f, 0xff, 0xff, 0xff, 0xff, 0x80,
    0x25, 0x55, 0xef, 0xd5, 0x55, 0x20, 0x0, 0x0,
    0xff, 0x80, 0x0, 0x0, 0x0, 0x4, 0xff, 0x50,
    0x0, 0x0, 0x0, 0x7, 0xff, 0x20, 0x0, 0x0,
    0x0, 0xa, 0xff, 0x0, 0x0, 0x0, 0x0, 0xd,
    0xfc, 0x0, 0x0, 0x0, 0x0, 0xf, 0xf8, 0x0,
    0x0, 0x0, 0x0, 0x3f, 0xf5, 0x0, 0x0, 0x0,

    /* U+20B9 "₹" */
    0x3, 0x33, 0x33, 0x33, 0x33, 0x30, 0x1f, 0xff,
    0xff, 0xff, 0xff, 0xf0, 0x2, 0x22, 0x26, 0xff,
    0xb2, 0x10, 0x7f, 0xff, 0xff, 0xff, 0xff, 0x90,
    0x35, 0x55, 0x55, 0xcf, 0xf5, 0x20, 0x0, 0x0,
    0x3, 0xff, 0xc0, 0x0, 0x5c, 0xcc, 0xdf, 0xff,
    0x30, 0x0, 0xaf, 0xff, 0xff, 0xb3, 0x0, 0x0,
    0x45, 0x5a, 0xff, 0x20, 0x0, 0x0, 0x0, 0x1,
    0xff, 0x90, 0x0, 0x0, 0x0, 0x0, 0xaf, 0xf1,
    0x0, 0x0, 0x0, 0x0, 0x2f, 0xf8, 0x0, 0x0,

    /* U+20BA "₺" */
    0x0, 0xa, 0xfe, 0x0, 0x15, 0x0, 0x0, 0xd,
    0xfb, 0x8, 0xf9, 0x0, 0x0, 0xf, 0xfd, 0xed,
    0x51, 0x0, 0x0, 0x2f, 0xfe, 0x64, 0xc4, 0x0,
    0x6, 0xef, 0xf6, 0xbf, 0x90, 0x0, 0x2e, 0xdf,
    0xff, 0x91, 0x0, 0x0, 0x13, 0xdf, 0xe2, 0x0,
    0xf, 0xf9, 0x6f, 0xff, 0xa0, 0x0, 0x5f, 0xf4,
    0x64, 0xff, 0x70, 0x1, 0xef, 0xd0, 0x4, 0xff,
    0x64, 0x7e, 0xff, 0x30, 0x7, 0xff, 0xff, 0xff,
    0xe3, 0x0, 0xa, 0xff, 0xfe, 0xb6, 0x0, 0x0,

    /* U+20BC "₼" */
    0x0, 0x0, 0x0, 0x0, 0x66, 0x0, 0x0, 0x0,
    0x0, 0x0, 0x0, 0xfa, 0x0, 0x0, 0x0, 0x0,
    0x1, 0x6a, 0xfc, 0x60, 0x0, 0x0, 0x0, 0x6f,
    0xff, 0xff, 0xfd, 0x20, 0x0, 0x8, 0xff, 0xee,
    0xfd, 0xff, 0xd0, 0x0, 0x4f, 0xf9, 0xb, 0xe0,
    0x9f, 0xf4, 0x0, 0xdf, 0xb0, 0xe, 0xb0, 0x1f,
    0xf7, 0x3, 0xff, 0x40, 0x1f, 0x70, 0xf, 0xf8,
    0x7, 0xff, 0x0, 0x4f, 0x40, 0xf, 0xf6, 0xa,
    0xfb, 0x0, 0x7f, 0x10, 0x2f, 0xf3, 0xd, 0xf8,
    0x0, 0xbe, 0x0, 0x5f, 0xf0, 0xf, 0xf5, 0x0,
    0xeb, 0x0, 0x8f, 0xd0, 0x3f, 0xf2, 0x0, 0x0,
    0x0, 0xbf, 0xa0, 0x7f, 0xf0, 0x0, 0x0, 0x0,
    0xef, 0x70,

    /* U+20BD "₽" */
    0x0, 0x0, 0xbf, 0xff, 0xff, 0xc6, 0x0, 0x0,
    0x0, 0xef, 0xff, 0xff, 0xff, 0xb0, 0x0, 0x1,
    0xff, 0x93, 0x34, 0xdf, 0xf3, 0x0, 0x4, 0xff,
    0x50, 0x0, 0x5f, 0xf5, 0x0, 0x7, 0xff, 0x20,
    0x0, 0x6f, 0xf3, 0x0, 0xa, 0xff, 0x0, 0x4,
    0xef, 0xe0, 0x0, 0xd, 0xff, 0xff, 0xff, 0xff,
    0x40, 0x0, 0xf, 0xff, 0xff, 0xff, 0xa2, 0x0,
    0x1, 0x4f, 0xf8, 0x33, 0x20, 0x0, 0x0, 0xf,
    0xff, 0xff, 0xff, 0xa0, 0x0, 0x0, 0x4, 0xbf,
    0xf4, 0x44, 0x20, 0x0, 0x0, 0x0, 0xbf, 0xd0,
    0x0, 0x0, 0x0, 0x0,

    /* U+20BF "₿" */
    0x0, 0x0, 0x2, 0x82, 0x18, 0x20, 0x0, 0x0,
    0x0, 0x7f, 0x26, 0xf2, 0x0, 0x0, 0xf, 0xff,
    0xff, 0xff, 0xa1, 0x0, 0x3, 0xff, 0xff, 0xff,
    0xff, 0xd0, 0x0, 0x6f, 0xf2, 0x0, 0x1c, 0xff,
    0x20, 0x9, 0xff, 0x0, 0x0, 0x9f, 0xf1, 0x0,
    0xcf, 0xc0, 0x0, 0x3e, 0xfb, 0x0, 0xf, 0xff,
    0xff, 0xff, 0xfb, 0x10, 0x2, 0xff, 0xff, 0xff,
    0xff, 0xd1, 0x0, 0x5f, 0xf3, 0x0, 0x4, 0xff,
    0x90, 0x8, 0xff, 0x0, 0x0, 0xe, 0xfa, 0x0,
    0xbf, 0xd0, 0x0, 0x18, 0xff, 0x70, 0xe, 0xff,
    0xff, 0xff, 0xff, 0xc0, 0x1, 0xff, 0xff, 0xff,
    0xfc, 0x70, 0x0, 0x0, 0xe, 0xa0, 0xeb, 0x0,
    0x0, 0x0, 0x1, 0xf7, 0x1f, 0x80, 0x0, 0x0,

    /* U+2113 "ℓ" */
    0x0, 0x0, 0x14, 0x0, 0x0, 0x6, 0xff, 0xd0,
    0x0, 0x1f, 0x93, 0xf2, 0x0, 0x6f, 0x33, 0xf2,
    0x0, 0xaf, 0xa, 0xc0, 0x0, 0xdc, 0x4f, 0x30,
    0x0, 0xfd, 0xf7, 0x0, 0x2, 0xff, 0x70, 0x0,
    0x1b, 0xf6, 0x0, 0x0, 0x7d, 0xf4, 0x2, 0x80,
    0x4, 0xfd, 0x9e, 0xb0, 0x0, 0xbf, 0xf8, 0x0,
    0x0, 0x0, 0x0, 0x0,

    /* U+2116 "№" */
    0x0, 0x13, 0x20, 0x0, 0x0, 0x23, 0x20, 0x1,
    0x43, 0x0, 0x0, 0x8f, 0xf3, 0x0, 0x0, 0xcf,
    0xb0, 0x7f, 0xff, 0xd1, 0x0, 0xbf, 0xfc, 0x0,
    0x0, 0xff, 0x83, 0xfa, 0x5, 0xf8, 0x0, 0xef,
    0xff, 0x50, 0x3, 0xff, 0x57, 0xf4, 0x2, 0xf8,
    0x1, 0xff, 0xff, 0xe0, 0x6, 0xff, 0x23, 0xfb,
    0x6c, 0xf3, 0x5, 0xff, 0x9f, 0xf9, 0x9, 0xff,
    0x0, 0x6d, 0xec, 0x30, 0x8, 0xff, 0xb, 0xff,
    0x2c, 0xfc, 0x0, 0x0, 0x0, 0x0, 0xb, 0xfd,
    0x2, 0xff, 0xcf, 0xf8, 0xf, 0xff, 0xff, 0x70,
    0xe, 0xfa, 0x0, 0x8f, 0xff, 0xf5, 0x18, 0x88,
    0x88, 0x20, 0x1f, 0xf7, 0x0, 0xe, 0xff, 0xf2,
    0x0, 0x0, 0x0, 0x0, 0x4f, 0xf4, 0x0, 0x5,
    0xff, 0xf0, 0x0, 0x0, 0x0, 0x0, 0x8f, 0xf0,
    0x0, 0x0, 0xcf, 0xc0, 0x0, 0x0, 0x0, 0x0,

    /* U+2122 "™" */
    0x0, 0x0, 0x0, 0x0, 0x0, 0x0, 0x0, 0x0,
    0xaf, 0xff, 0xff, 0xa8, 0xf4, 0x0, 0x3, 0xfa,
    0x34, 0xcf, 0x64, 0x2b, 0xfc, 0x0, 0x2e, 0xf7,
    0x0, 0xdf, 0x0, 0xe, 0xff, 0x30, 0xdf, 0xf4,
    0x0, 0xfc, 0x0, 0x1f, 0x9e, 0xbb, 0xeb, 0xf1,
    0x3, 0xf9, 0x0, 0x5f, 0x58, 0xff, 0x3c, 0xe0,
    0x6, 0xf6, 0x0, 0x8f, 0x21, 0xe5, 0xf, 0xa0,
    0x5, 0x92, 0x0, 0x69, 0x0, 0x0, 0x19, 0x40,

    /* U+2126 "Ω" */
    0x0, 0x0, 0x0, 0x2, 0x44, 0x30, 0x0, 0x0,
    0x0, 0x0, 0x7e, 0xff, 0xff, 0xe7, 0x0, 0x0,
    0x1, 0xcf, 0xff, 0xef, 0xff, 0xfa, 0x0, 0x0,
    0xbf, 0xf9, 0x10, 0x3, 0xdf, 0xf4, 0x0, 0x4f,
    0xf9, 0x0, 0x0, 0x4, 0xff, 0x80, 0x8, 0xff,
    0x10, 0x0, 0x0, 0x1f, 0xf9, 0x0, 0xaf, 0xe0,
    0x0, 0x0, 0x2, 0xff, 0x70, 0xa, 0xfe, 0x0,
    0x0, 0x0, 0x7f, 0xf1, 0x0, 0x6f, 0xf3, 0x0,
    0x0, 0x2f, 0xf7, 0x0, 0x12, 0xef, 0xd1, 0x0,
    0x5e, 0xfa, 0x11, 0x6f, 0xff, 0xff, 0x70, 0x5f,
    0xff, 0xff, 0x89, 0xff, 0xff, 0xf4, 0x8, 0xff,
    0xff, 0xf4,

    /* U+212A "K" */
    0x0, 0x13, 0x30, 0x0, 0x0, 0x33, 0x30, 0x0,
    0x7f, 0xf2, 0x0, 0xb, 0xff, 0x60, 0x0, 0xaf,
    0xe0, 0x1, 0xcf, 0xf5, 0x0, 0x0, 0xdf, 0xb0,
    0x2d, 0xfe, 0x30, 0x0, 0x0, 0xff, 0x83, 0xef,
    0xd2, 0x0, 0x0, 0x3, 0xff, 0xaf, 0xfc, 0x10,
    0x0, 0x0, 0x6, 0xff, 0xff, 0xfa, 0x0, 0x0,
    0x0, 0xa, 0xff, 0xfd, 0xff, 0x40, 0x0, 0x0,
    0xd, 0xff, 0x61, 0xef, 0xe0, 0x0, 0x0, 0xf,
    0xf8, 0x0, 0x5f, 0xf9, 0x0, 0x0, 0x3f, 0xf5,
    0x0, 0xb, 0xff, 0x30, 0x0, 0x6f, 0xf2, 0x0,
    0x1, 0xff, 0xd0, 0x0,

    /* U+212B "Å" */
    0x0, 0x0, 0x0, 0x0, 0x3d, 0xd4, 0x0, 0x0,
    0x0, 0x0, 0x0, 0xd5, 0x3e, 0x0, 0x0, 0x0,
    0x0, 0x0, 0xd5, 0x3e, 0x0, 0x0, 0x0, 0x0,
    0x0, 0x3d, 0xd4, 0x0, 0x0, 0x0, 0x0, 0x0,
    0x0, 0x0, 0x0, 0x0, 0x0, 0x0, 0x2, 0xff,
    0xe0, 0x0, 0x0, 0x0, 0x0, 0xb, 0xff, 0xf2,
    0x0, 0x0, 0x0, 0x0, 0x6f, 0xff, 0xf6, 0x0,
    0x0, 0x0, 0x1, 0xef, 0x7b, 0xfa, 0x0, 0x0,
    0x0, 0xa, 0xfd, 0x8, 0xfe, 0x0, 0x0, 0x0,
    0x5f, 0xf3, 0x4, 0xff, 0x20, 0x0, 0x1, 0xef,
    0xb2, 0x23, 0xff, 0x60, 0x0, 0x9, 0xff, 0xff,
    0xff, 0xff, 0xa0, 0x0, 0x4f, 0xfd, 0xdd, 0xdd,
    0xef, 0xe0, 0x0, 0xdf, 0xc0, 0x0, 0x0, 0x6f,
    0xf2, 0x8, 0xff, 0x30, 0x0, 0x0, 0x3f, 0xf5,
    0x3, 0x32, 0x0, 0x0, 0x0, 0x3, 0x31,

    /* U+212E "℮" */
    0x0, 0x0, 0x2, 0x44, 0x20, 0x0, 0x0, 0x0,
    0x4, 0x94, 0x10, 0x37, 0x60, 0x0, 0x0, 0x69,
    0x0, 0x0, 0x0, 0x4a, 0x0, 0x3, 0xf3, 0x0,
    0x0, 0x0, 0xe, 0x70, 0xb, 0xf3, 0x0, 0x0,
    0x0, 0xe, 0xf0, 0xf, 0xf3, 0x0, 0x0, 0x0,
    0xe, 0xf3, 0x1f, 0xf7, 0x55, 0x55, 0x55, 0x58,
    0x82, 0xe, 0xf3, 0x0, 0x0, 0x0, 0x0, 0x0,
    0x9, 0xf3, 0x0, 0x0, 0x0, 0x0, 0x0, 0x1,
    0xe3, 0x0, 0x0, 0x0, 0x2, 0x0, 0x0, 0x2a,
    0x10, 0x0, 0x0, 0x85, 0x0, 0x0, 0x0, 0x66,
    0x55, 0x56, 0x10, 0x0,

    /* U+2144 "⅄" */
    0x0, 0x0, 0x0, 0x13, 0x30, 0x0, 0x0, 0x0,
    0x0, 0x7f, 0xf1, 0x0, 0x0, 0x0, 0x0, 0xaf,
    0xe0, 0x0, 0x0, 0x0, 0x0, 0xef, 0xb0, 0x0,
    0x0, 0x0, 0x1, 0xff, 0x80, 0x0, 0x0, 0x0,
    0xb, 0xff, 0xb0, 0x0, 0x0, 0x0, 0x8f, 0xff,
    0xf2, 0x0, 0x0, 0x5, 0xff, 0x6f, 0xf8, 0x0,
    0x0, 0x2f, 0xf8, 0xa, 0xfe, 0x0, 0x1, 0xdf,
    0xb0, 0x3, 0xff, 0x50, 0xb, 0xfe, 0x10, 0x0,
    0xdf, 0xc0, 0x8f, 0xf3, 0x0, 0x0, 0x6f, 0xf2
};


/*---------------------
 *  GLYPH DESCRIPTION
 *--------------------*/

static const lv_font_fmt_txt_glyph_dsc_t glyph_dsc[] = {
    {.bitmap_index = 0, .adv_w = 0, .box_w = 0, .box_h = 0, .ofs_x = 0, .ofs_y = 0} /* id = 0 reserved */,
    {.bitmap_index = 0, .adv_w = 72, .box_w = 0, .box_h = 0, .ofs_x = 0, .ofs_y = 0},
    {.bitmap_index = 0, .adv_w = 74, .box_w = 6, .box_h = 12, .ofs_x = 0, .ofs_y = 0},
    {.bitmap_index = 36, .adv_w = 112, .box_w = 7, .box_h = 5, .ofs_x = 1, .ofs_y = 7},
    {.bitmap_index = 54, .adv_w = 184, .box_w = 14, .box_h = 12, .ofs_x = -1, .ofs_y = 0},
    {.bitmap_index = 138, .adv_w = 163, .box_w = 12, .box_h = 16, .ofs_x = -1, .ofs_y = -2},
    {.bitmap_index = 234, .adv_w = 225, .box_w = 13, .box_h = 12, .ofs_x = 1, .ofs_y = 0},
    {.bitmap_index = 312, .adv_w = 186, .box_w = 12, .box_h = 12, .ofs_x = 0, .ofs_y = 0},
    {.bitmap_index = 384, .adv_w = 59, .box_w = 4, .box_h = 5, .ofs_x = 1, .ofs_y = 7},
    {.bitmap_index = 394, .adv_w = 91, .box_w = 8, .box_h = 15, .ofs_x = 0, .ofs_y = -3},
    {.bitmap_index = 454, .adv_w = 91, .box_w = 7, .box_h = 15, .ofs_x = -1, .ofs_y = -3},
    {.bitmap_index = 507, .adv_w = 111, .box_w = 8, .box_h = 7, .ofs_x = 0, .ofs_y = 5},
    {.bitmap_index = 535, .adv_w = 154, .box_w = 9, .box_h = 8, .ofs_x = 1, .ofs_y = 2},
    {.bitmap_index = 571, .adv_w = 67, .box_w = 5, .box_h = 6, .ofs_x = -1, .ofs_y = -3},
    {.bitmap_index = 586, .adv_w = 99, .box_w = 6, .box_h = 3, .ofs_x = 0, .ofs_y = 4},
    {.bitmap_index = 595, .adv_w = 67, .box_w = 5, .box_h = 4, .ofs_x = -1, .ofs_y = 0},
    {.bitmap_index = 605, .adv_w = 100, .box_w = 11, .box_h = 16, .ofs_x = -2, .ofs_y = -2},
    {.bitmap_index = 693, .adv_w = 174, .box_w = 11, .box_h = 12, .ofs_x = 0, .ofs_y = 0},
    {.bitmap_index = 759, .adv_w = 100, .box_w = 6, .box_h = 12, .ofs_x = 1, .ofs_y = 0},
    {.bitmap_index = 795, .adv_w = 151, .box_w = 11, .box_h = 12, .ofs_x = -1, .ofs_y = 0},
    {.bitmap_index = 861, .adv_w = 152, .box_w = 11, .box_h = 12, .ofs_x = -1, .ofs_y = 0},
    {.bitmap_index = 927, .adv_w = 176, .box_w = 11, .box_h = 12, .ofs_x = 0, .ofs_y = 0},
    {.bitmap_index = 993, .adv_w = 152, .box_w = 11, .box_h = 12, .ofs_x = -1, .ofs_y = 0},
    {.bitmap_index = 1059, .adv_w = 163, .box_w = 11, .box_h = 12, .ofs_x = 0, .ofs_y = 0},
    {.bitmap_index = 1125, .adv_w = 159, .box_w = 10, .box_h = 12, .ofs_x = 1, .ofs_y = 0},
    {.bitmap_index = 1185, .adv_w = 169, .box_w = 11, .box_h = 12, .ofs_x = 0, .ofs_y = 0},
    {.bitmap_index = 1251, .adv_w = 163, .box_w = 10, .box_h = 12, .ofs_x = 0, .ofs_y = 0},
    {.bitmap_index = 1311, .adv_w = 67, .box_w = 6, .box_h = 9, .ofs_x = -1, .ofs_y = 0},
    {.bitmap_index = 1338, .adv_w = 67, .box_w = 6, .box_h = 12, .ofs_x = -1, .ofs_y = -3},
    {.bitmap_index = 1374, .adv_w = 153, .box_w = 9, .box_h = 9, .ofs_x = 1, .ofs_y = 1},
    {.bitmap_index = 1415, .adv_w = 153, .box_w = 10, .box_h = 7, .ofs_x = 0, .ofs_y = 2},
    {.bitmap_index = 1450, .adv_w = 153, .box_w = 10, .box_h = 9, .ofs_x = 0, .ofs_y = 1},
    {.bitmap_index = 1495, .adv_w = 151, .box_w = 10, .box_h = 12, .ofs_x = 0, .ofs_y = 0},
    {.bitmap_index = 1555, .adv_w = 265, .box_w = 17, .box_h = 15, .ofs_x = 0, .ofs_y = -3},
    {.bitmap_index = 1683, .adv_w = 196, .box_w = 14, .box_h = 12, .ofs_x = -2, .ofs_y = 0},
    {.bitmap_index = 1767, .adv_w = 196, .box_w = 12, .box_h = 12, .ofs_x = 0, .ofs_y = 0},
    {.bitmap_index = 1839, .adv_w = 188, .box_w = 13, .box_h = 12, .ofs_x = 0, .ofs_y = 0},
    {.bitmap_index = 1917, .adv_w = 211, .box_w = 13, .box_h = 12, .ofs_x = 0, .ofs_y = 0},
    {.bitmap_index = 1995, .adv_w = 172, .box_w = 12, .box_h = 12, .ofs_x = 0, .ofs_y = 0},
    {.bitmap_index = 2067, .adv_w = 164, .box_w = 12, .box_h = 12, .ofs_x = 0, .ofs_y = 0},
    {.bitmap_index = 2139, .adv_w = 197, .box_w = 13, .box_h = 12, .ofs_x = 0, .ofs_y = 0},
    {.bitmap_index = 2217, .adv_w = 207, .box_w = 13, .box_h = 12, .ofs_x = 0, .ofs_y = 0},
    {.bitmap_index = 2295, .adv_w = 84, .box_w = 6, .box_h = 12, .ofs_x = 0, .ofs_y = 0},
    {.bitmap_index = 2331, .adv_w = 136, .box_w = 10, .box_h = 12, .ofs_x = -1, .ofs_y = 0},
    {.bitmap_index = 2391, .adv_w = 189, .box_w = 14, .box_h = 12, .ofs_x = 0, .ofs_y = 0},
    {.bitmap_index = 2475, .adv_w = 155, .box_w = 10, .box_h = 12, .ofs_x = 0, .ofs_y = 0},
    {.bitmap_index = 2535, .adv_w = 244, .box_w = 16, .box_h = 12, .ofs_x = 0, .ofs_y = 0},
    {.bitmap_index = 2631, .adv_w = 207, .box_w = 13, .box_h = 12, .ofs_x = 0, .ofs_y = 0},
    {.bitmap_index = 2709, .adv_w = 216, .box_w = 14, .box_h = 12, .ofs_x = 0, .ofs_y = 0},
    {.bitmap_index = 2793, .adv_w = 187, .box_w = 12, .box_h = 12, .ofs_x = 0, .ofs_y = 0},
    {.bitmap_index = 2865, .adv_w = 216, .box_w = 14, .box_h = 14, .ofs_x = 0, .ofs_y = -2},
    {.bitmap_index = 2963, .adv_w = 188, .box_w = 12, .box_h = 12, .ofs_x = 0, .ofs_y = 0},
    {.bitmap_index = 3035, .adv_w = 163, .box_w = 12, .box_h = 12, .ofs_x = -1, .ofs_y = 0},
    {.bitmap_index = 3107, .adv_w = 158, .box_w = 11, .box_h = 12, .ofs_x = 1, .ofs_y = 0},
    {.bitmap_index = 3173, .adv_w = 197, .box_w = 13, .box_h = 12, .ofs_x = 0, .ofs_y = 0},
    {.bitmap_index = 3251, .adv_w = 191, .box_w = 13, .box_h = 12, .ofs_x = 1, .ofs_y = 0},
    {.bitmap_index = 3329, .adv_w = 294, .box_w = 19, .box_h = 12, .ofs_x = 1, .ofs_y = 0},
    {.bitmap_index = 3443, .adv_w = 183, .box_w = 14, .box_h = 12, .ofs_x = -1, .ofs_y = 0},
    {.bitmap_index = 3527, .adv_w = 178, .box_w = 12, .box_h = 12, .ofs_x = 1, .ofs_y = 0},
    {.bitmap_index = 3599, .adv_w = 172, .box_w = 13, .box_h = 12, .ofs_x = -1, .ofs_y = 0},
    {.bitmap_index = 3677, .adv_w = 94, .box_w = 9, .box_h = 15, .ofs_x = -1, .ofs_y = -3},
    {.bitmap_index = 3745, .adv_w = 100, .box_w = 5, .box_h = 16, .ofs_x = 1, .ofs_y = -2},
    {.bitmap_index = 3785, .adv_w = 94, .box_w = 9, .box_h = 15, .ofs_x = -2, .ofs_y = -3},
    {.bitmap_index = 3853, .adv_w = 154, .box_w = 9, .box_h = 7, .ofs_x = 0, .ofs_y = 2},
    {.bitmap_index = 3885, .adv_w = 128, .box_w = 10, .box_h = 3, .ofs_x = -2, .ofs_y = -2},
    {.bitmap_index = 3900, .adv_w = 154, .box_w = 6, .box_h = 3, .ofs_x = 2, .ofs_y = 10},
    {.bitmap_index = 3909, .adv_w = 177, .box_w = 11, .box_h = 9, .ofs_x = 0, .ofs_y = 0},
    {.bitmap_index = 3959, .adv_w = 177, .box_w = 11, .box_h = 12, .ofs_x = 0, .ofs_y = 0},
    {.bitmap_index = 4025, .adv_w = 152, .box_w = 10, .box_h = 9, .ofs_x = 0, .ofs_y = 0},
    {.bitmap_index = 4070, .adv_w = 177, .box_w = 12, .box_h = 12, .ofs_x = 0, .ofs_y = 0},
    {.bitmap_index = 4142, .adv_w = 161, .box_w = 10, .box_h = 9, .ofs_x = 0, .ofs_y = 0},
    {.bitmap_index = 4187, .adv_w = 99, .box_w = 9, .box_h = 12, .ofs_x = 0, .ofs_y = 0},
    {.bitmap_index = 4241, .adv_w = 179, .box_w = 12, .box_h = 12, .ofs_x = -1, .ofs_y = -3},
    {.bitmap_index = 4313, .adv_w = 177, .box_w = 11, .box_h = 12, .ofs_x = 0, .ofs_y = 0},
    {.bitmap_index = 4379, .adv_w = 77, .box_w = 6, .box_h = 13, .ofs_x = 0, .ofs_y = 0},
    {.bitmap_index = 4418, .adv_w = 78, .box_w = 9, .box_h = 16, .ofs_x = -3, .ofs_y = -3},
    {.bitmap_index = 4490, .adv_w = 166, .box_w = 12, .box_h = 12, .ofs_x = 0, .ofs_y = 0},
    {.bitmap_index = 4562, .adv_w = 77, .box_w = 6, .box_h = 12, .ofs_x = 0, .ofs_y = 0},
    {.bitmap_index = 4598, .adv_w = 269, .box_w = 17, .box_h = 9, .ofs_x = 0, .ofs_y = 0},
    {.bitmap_index = 4675, .adv_w = 177, .box_w = 11, .box_h = 9, .ofs_x = 0, .ofs_y = 0},
    {.bitmap_index = 4725, .adv_w = 167, .box_w = 10, .box_h = 9, .ofs_x = 0, .ofs_y = 0},
    {.bitmap_index = 4770, .adv_w = 177, .box_w = 12, .box_h = 12, .ofs_x = -1, .ofs_y = -3},
    {.bitmap_index = 4842, .adv_w = 177, .box_w = 11, .box_h = 12, .ofs_x = 0, .ofs_y = -3},
    {.bitmap_index = 4908, .adv_w = 110, .box_w = 8, .box_h = 9, .ofs_x = 0, .ofs_y = 0},
    {.bitmap_index = 4944, .adv_w = 136, .box_w = 10, .box_h = 9, .ofs_x = -1, .ofs_y = 0},
    {.bitmap_index = 4989, .adv_w = 112, .box_w = 7, .box_h = 11, .ofs_x = 0, .ofs_y = 0},
    {.bitmap_index = 5028, .adv_w = 176, .box_w = 11, .box_h = 9, .ofs_x = 0, .ofs_y = 0},
    {.bitmap_index = 5078, .adv_w = 153, .box_w = 11, .box_h = 9, .ofs_x = 0, .ofs_y = 0},
    {.bitmap_index = 5128, .adv_w = 241, .box_w = 16, .box_h = 9, .ofs_x = 0, .ofs_y = 0},
    {.bitmap_index = 5200, .adv_w = 152, .box_w = 12, .box_h = 9, .ofs_x = -1, .ofs_y = 0},
    {.bitmap_index = 5254, .adv_w = 153, .box_w = 13, .box_h = 12, .ofs_x = -2, .ofs_y = -3},
    {.bitmap_index = 5332, .adv_w = 139, .box_w = 10, .box_h = 9, .ofs_x = -1, .ofs_y = 0},
    {.bitmap_index = 5377, .adv_w = 100, .box_w = 8, .box_h = 15, .ofs_x = 0, .ofs_y = -3},
    {.bitmap_index = 5437, .adv_w = 79, .box_w = 7, .box_h = 15, .ofs_x = -1, .ofs_y = -3},
    {.bitmap_index = 5490, .adv_w = 100, .box_w = 8, .box_h = 15, .ofs_x = -2, .ofs_y = -3},
    {.bitmap_index = 5550, .adv_w = 153, .box_w = 10, .box_h = 3, .ofs_x = 0, .ofs_y = 4},
    {.bitmap_index = 5565, .adv_w = 72, .box_w = 0, .box_h = 0, .ofs_x = 0, .ofs_y = 0},
    {.bitmap_index = 5565, .adv_w = 74, .box_w = 6, .box_h = 12, .ofs_x = -1, .ofs_y = -3},
    {.bitmap_index = 5601, .adv_w = 152, .box_w = 10, .box_h = 13, .ofs_x = 0, .ofs_y = -2},
    {.bitmap_index = 5666, .adv_w = 171, .box_w = 13, .box_h = 12, .ofs_x = -1, .ofs_y = 0},
    {.bitmap_index = 5744, .adv_w = 179, .box_w = 11, .box_h = 13, .ofs_x = 0, .ofs_y = -1},
    {.bitmap_index = 5816, .adv_w = 188, .box_w = 13, .box_h = 12, .ofs_x = 1, .ofs_y = 0},
    {.bitmap_index = 5894, .adv_w = 79, .box_w = 7, .box_h = 15, .ofs_x = -1, .ofs_y = -3},
    {.bitmap_index = 5947, .adv_w = 134, .box_w = 11, .box_h = 14, .ofs_x = -1, .ofs_y = -2},
    {.bitmap_index = 6024, .adv_w = 154, .box_w = 6, .box_h = 3, .ofs_x = 3, .ofs_y = 10},
    {.bitmap_index = 6033, .adv_w = 201, .box_w = 13, .box_h = 13, .ofs_x = 0, .ofs_y = -1},
    {.bitmap_index = 6118, .adv_w = 106, .box_w = 7, .box_h = 6, .ofs_x = 1, .ofs_y = 6},
    {.bitmap_index = 6139, .adv_w = 145, .box_w = 10, .box_h = 7, .ofs_x = 0, .ofs_y = 1},
    {.bitmap_index = 6174, .adv_w = 154, .box_w = 9, .box_h = 5, .ofs_x = 1, .ofs_y = 2},
    {.bitmap_index = 6197, .adv_w = 201, .box_w = 13, .box_h = 13, .ofs_x = 0, .ofs_y = -1},
    {.bitmap_index = 6282, .adv_w = 154, .box_w = 7, .box_h = 3, .ofs_x = 2, .ofs_y = 10},
    {.bitmap_index = 6293, .adv_w = 107, .box_w = 7, .box_h = 7, .ofs_x = 1, .ofs_y = 5},
    {.bitmap_index = 6318, .adv_w = 153, .box_w = 10, .box_h = 11, .ofs_x = 0, .ofs_y = 0},
    {.bitmap_index = 6373, .adv_w = 110, .box_w = 8, .box_h = 7, .ofs_x = 0, .ofs_y = 5},
    {.bitmap_index = 6401, .adv_w = 110, .box_w = 8, .box_h = 7, .ofs_x = 0, .ofs_y = 5},
    {.bitmap_index = 6429, .adv_w = 154, .box_w = 6, .box_h = 3, .ofs_x = 4, .ofs_y = 10},
    {.bitmap_index = 6438, .adv_w = 177, .box_w = 12, .box_h = 12, .ofs_x = -1, .ofs_y = -3},
    {.bitmap_index = 6510, .adv_w = 176, .box_w = 11, .box_h = 14, .ofs_x = 1, .ofs_y = -2},
    {.bitmap_index = 6587, .adv_w = 77, .box_w = 5, .box_h = 4, .ofs_x = 0, .ofs_y = 3},
    {.bitmap_index = 6597, .adv_w = 154, .box_w = 5, .box_h = 5, .ofs_x = 1, .ofs_y = -5},
    {.bitmap_index = 6610, .adv_w = 110, .box_w = 6, .box_h = 7, .ofs_x = 1, .ofs_y = 5},
    {.bitmap_index = 6631, .adv_w = 110, .box_w = 7, .box_h = 6, .ofs_x = 1, .ofs_y = 6},
    {.bitmap_index = 6652, .adv_w = 146, .box_w = 10, .box_h = 7, .ofs_x = -1, .ofs_y = 1},
    {.bitmap_index = 6687, .adv_w = 267, .box_w = 16, .box_h = 13, .ofs_x = 1, .ofs_y = 0},
    {.bitmap_index = 6791, .adv_w = 267, .box_w = 15, .box_h = 13, .ofs_x = 1, .ofs_y = -1},
    {.bitmap_index = 6889, .adv_w = 267, .box_w = 17, .box_h = 13, .ofs_x = 0, .ofs_y = 0},
    {.bitmap_index = 7000, .adv_w = 151, .box_w = 9, .box_h = 12, .ofs_x = 0, .ofs_y = -3},
    {.bitmap_index = 7054, .adv_w = 196, .box_w = 14, .box_h = 15, .ofs_x = -2, .ofs_y = 0},
    {.bitmap_index = 7159, .adv_w = 196, .box_w = 14, .box_h = 15, .ofs_x = -2, .ofs_y = 0},
    {.bitmap_index = 7264, .adv_w = 196, .box_w = 14, .box_h = 15, .ofs_x = -2, .ofs_y = 0},
    {.bitmap_index = 7369, .adv_w = 196, .box_w = 14, .box_h = 16, .ofs_x = -2, .ofs_y = 0},
    {.bitmap_index = 7481, .adv_w = 196, .box_w = 14, .box_h = 15, .ofs_x = -2, .ofs_y = 0},
    {.bitmap_index = 7586, .adv_w = 196, .box_w = 14, .box_h = 16, .ofs_x = -2, .ofs_y = 0},
    {.bitmap_index = 7698, .adv_w = 277, .box_w = 20, .box_h = 12, .ofs_x = -2, .ofs_y = 0},
    {.bitmap_index = 7818, .adv_w = 188, .box_w = 13, .box_h = 16, .ofs_x = 0, .ofs_y = -4},
    {.bitmap_index = 7922, .adv_w = 172, .box_w = 12, .box_h = 15, .ofs_x = 0, .ofs_y = 0},
    {.bitmap_index = 8012, .adv_w = 172, .box_w = 12, .box_h = 15, .ofs_x = 0, .ofs_y = 0},
    {.bitmap_index = 8102, .adv_w = 172, .box_w = 12, .box_h = 15, .ofs_x = 0, .ofs_y = 0},
    {.bitmap_index = 8192, .adv_w = 172, .box_w = 12, .box_h = 15, .ofs_x = 0, .ofs_y = 0},
    {.bitmap_index = 8282, .adv_w = 84, .box_w = 6, .box_h = 15, .ofs_x = 0, .ofs_y = 0},
    {.bitmap_index = 8327, .adv_w = 84, .box_w = 8, .box_h = 15, .ofs_x = 0, .ofs_y = 0},
    {.bitmap_index = 8387, .adv_w = 84, .box_w = 8, .box_h = 15, .ofs_x = 0, .ofs_y = 0},
    {.bitmap_index = 8447, .adv_w = 84, .box_w = 8, .box_h = 15, .ofs_x = 0, .ofs_y = 0},
    {.bitmap_index = 8507, .adv_w = 215, .box_w = 14, .box_h = 12, .ofs_x = 0, .ofs_y = 0},
    {.bitmap_index = 8591, .adv_w = 207, .box_w = 13, .box_h = 16, .ofs_x = 0, .ofs_y = 0},
    {.bitmap_index = 8695, .adv_w = 216, .box_w = 14, .box_h = 15, .ofs_x = 0, .ofs_y = 0},
    {.bitmap_index = 8800, .adv_w = 216, .box_w = 14, .box_h = 15, .ofs_x = 0, .ofs_y = 0},
    {.bitmap_index = 8905, .adv_w = 216, .box_w = 14, .box_h = 15, .ofs_x = 0, .ofs_y = 0},
    {.bitmap_index = 9010, .adv_w = 216, .box_w = 14, .box_h = 16, .ofs_x = 0, .ofs_y = 0},
    {.bitmap_index = 9122, .adv_w = 216, .box_w = 14, .box_h = 15, .ofs_x = 0, .ofs_y = 0},
    {.bitmap_index = 9227, .adv_w = 153, .box_w = 8, .box_h = 8, .ofs_x = 1, .ofs_y = 2},
    {.bitmap_index = 9259, .adv_w = 216, .box_w = 14, .box_h = 14, .ofs_x = 0, .ofs_y = -1},
    {.bitmap_index = 9357, .adv_w = 197, .box_w = 13, .box_h = 15, .ofs_x = 0, .ofs_y = 0},
    {.bitmap_index = 9455, .adv_w = 197, .box_w = 13, .box_h = 15, .ofs_x = 0, .ofs_y = 0},
    {.bitmap_index = 9553, .adv_w = 197, .box_w = 13, .box_h = 15, .ofs_x = 0, .ofs_y = 0},
    {.bitmap_index = 9651, .adv_w = 197, .box_w = 13, .box_h = 15, .ofs_x = 0, .ofs_y = 0},
    {.bitmap_index = 9749, .adv_w = 178, .box_w = 12, .box_h = 15, .ofs_x = 1, .ofs_y = 0},
    {.bitmap_index = 9839, .adv_w = 187, .box_w = 12, .box_h = 12, .ofs_x = 0, .ofs_y = 0},
    {.bitmap_index = 9911, .adv_w = 177, .box_w = 11, .box_h = 12, .ofs_x = 0, .ofs_y = 0},
    {.bitmap_index = 9977, .adv_w = 177, .box_w = 11, .box_h = 12, .ofs_x = 0, .ofs_y = 0},
    {.bitmap_index = 10043, .adv_w = 177, .box_w = 11, .box_h = 12, .ofs_x = 0, .ofs_y = 0},
    {.bitmap_index = 10109, .adv_w = 177, .box_w = 11, .box_h = 12, .ofs_x = 0, .ofs_y = 0},
    {.bitmap_index = 10175, .adv_w = 177, .box_w = 11, .box_h = 12, .ofs_x = 0, .ofs_y = 0},
    {.bitmap_index = 10241, .adv_w = 177, .box_w = 11, .box_h = 12, .ofs_x = 0, .ofs_y = 0},
    {.bitmap_index = 10307, .adv_w = 177, .box_w = 11, .box_h = 14, .ofs_x = 0, .ofs_y = 0},
    {.bitmap_index = 10384, .adv_w = 255, .box_w = 16, .box_h = 9, .ofs_x = 0, .ofs_y = 0},
    {.bitmap_index = 10456, .adv_w = 152, .box_w = 10, .box_h = 14, .ofs_x = 0, .ofs_y = -5},
    {.bitmap_index = 10526, .adv_w = 161, .box_w = 10, .box_h = 12, .ofs_x = 0, .ofs_y = 0},
    {.bitmap_index = 10586, .adv_w = 161, .box_w = 10, .box_h = 12, .ofs_x = 0, .ofs_y = 0},
    {.bitmap_index = 10646, .adv_w = 161, .box_w = 10, .box_h = 12, .ofs_x = 0, .ofs_y = 0},
    {.bitmap_index = 10706, .adv_w = 161, .box_w = 10, .box_h = 12, .ofs_x = 0, .ofs_y = 0},
    {.bitmap_index = 10766, .adv_w = 77, .box_w = 5, .box_h = 12, .ofs_x = 0, .ofs_y = 0},
    {.bitmap_index = 10796, .adv_w = 77, .box_w = 8, .box_h = 12, .ofs_x = 0, .ofs_y = 0},
    {.bitmap_index = 10844, .adv_w = 77, .box_w = 7, .box_h = 12, .ofs_x = 0, .ofs_y = 0},
    {.bitmap_index = 10886, .adv_w = 77, .box_w = 7, .box_h = 12, .ofs_x = 0, .ofs_y = 0},
    {.bitmap_index = 10928, .adv_w = 154, .box_w = 10, .box_h = 13, .ofs_x = 0, .ofs_y = 0},
    {.bitmap_index = 10993, .adv_w = 177, .box_w = 11, .box_h = 12, .ofs_x = 0, .ofs_y = 0},
    {.bitmap_index = 11059, .adv_w = 167, .box_w = 10, .box_h = 12, .ofs_x = 0, .ofs_y = 0},
    {.bitmap_index = 11119, .adv_w = 167, .box_w = 10, .box_h = 12, .ofs_x = 0, .ofs_y = 0},
    {.bitmap_index = 11179, .adv_w = 167, .box_w = 10, .box_h = 12, .ofs_x = 0, .ofs_y = 0},
    {.bitmap_index = 11239, .adv_w = 167, .box_w = 10, .box_h = 12, .ofs_x = 0, .ofs_y = 0},
    {.bitmap_index = 11299, .adv_w = 167, .box_w = 10, .box_h = 12, .ofs_x = 0, .ofs_y = 0},
    {.bitmap_index = 11359, .adv_w = 153, .box_w = 9, .box_h = 10, .ofs_x = 1, .ofs_y = 1},
    {.bitmap_index = 11404, .adv_w = 167, .box_w = 10, .box_h = 11, .ofs_x = 0, .ofs_y = -1},
    {.bitmap_index = 11459, .adv_w = 176, .box_w = 11, .box_h = 12, .ofs_x = 0, .ofs_y = 0},
    {.bitmap_index = 11525, .adv_w = 176, .box_w = 11, .box_h = 12, .ofs_x = 0, .ofs_y = 0},
    {.bitmap_index = 11591, .adv_w = 176, .box_w = 11, .box_h = 12, .ofs_x = 0, .ofs_y = 0},
    {.bitmap_index = 11657, .adv_w = 176, .box_w = 11, .box_h = 12, .ofs_x = 0, .ofs_y = 0},
    {.bitmap_index = 11723, .adv_w = 153, .box_w = 13, .box_h = 15, .ofs_x = -2, .ofs_y = -3},
    {.bitmap_index = 11821, .adv_w = 177, .box_w = 12, .box_h = 15, .ofs_x = -1, .ofs_y = -3},
    {.bitmap_index = 11911, .adv_w = 153, .box_w = 13, .box_h = 15, .ofs_x = -2, .ofs_y = -3},
    {.bitmap_index = 12009, .adv_w = 196, .box_w = 14, .box_h = 15, .ofs_x = -2, .ofs_y = 0},
    {.bitmap_index = 12114, .adv_w = 177, .box_w = 11, .box_h = 12, .ofs_x = 0, .ofs_y = 0},
    {.bitmap_index = 12180, .adv_w = 196, .box_w = 14, .box_h = 16, .ofs_x = -2, .ofs_y = 0},
    {.bitmap_index = 12292, .adv_w = 177, .box_w = 11, .box_h = 12, .ofs_x = 0, .ofs_y = 0},
    {.bitmap_index = 12358, .adv_w = 196, .box_w = 14, .box_h = 17, .ofs_x = -2, .ofs_y = -5},
    {.bitmap_index = 12477, .adv_w = 177, .box_w = 11, .box_h = 13, .ofs_x = 0, .ofs_y = -4},
    {.bitmap_index = 12549, .adv_w = 188, .box_w = 13, .box_h = 15, .ofs_x = 0, .ofs_y = 0},
    {.bitmap_index = 12647, .adv_w = 152, .box_w = 10, .box_h = 12, .ofs_x = 0, .ofs_y = 0},
    {.bitmap_index = 12707, .adv_w = 188, .box_w = 13, .box_h = 15, .ofs_x = 0, .ofs_y = 0},
    {.bitmap_index = 12805, .adv_w = 152, .box_w = 10, .box_h = 12, .ofs_x = 0, .ofs_y = 0},
    {.bitmap_index = 12865, .adv_w = 188, .box_w = 13, .box_h = 16, .ofs_x = 0, .ofs_y = 0},
    {.bitmap_index = 12969, .adv_w = 152, .box_w = 10, .box_h = 13, .ofs_x = 0, .ofs_y = 0},
    {.bitmap_index = 13034, .adv_w = 188, .box_w = 13, .box_h = 15, .ofs_x = 0, .ofs_y = 0},
    {.bitmap_index = 13132, .adv_w = 152, .box_w = 10, .box_h = 12, .ofs_x = 0, .ofs_y = 0},
    {.bitmap_index = 13192, .adv_w = 211, .box_w = 13, .box_h = 15, .ofs_x = 0, .ofs_y = 0},
    {.bitmap_index = 13290, .adv_w = 177, .box_w = 15, .box_h = 13, .ofs_x = 0, .ofs_y = 0},
    {.bitmap_index = 13388, .adv_w = 215, .box_w = 14, .box_h = 12, .ofs_x = 0, .ofs_y = 0},
    {.bitmap_index = 13472, .adv_w = 177, .box_w = 13, .box_h = 12, .ofs_x = 0, .ofs_y = 0},
    {.bitmap_index = 13550, .adv_w = 172, .box_w = 12, .box_h = 15, .ofs_x = 0, .ofs_y = 0},
    {.bitmap_index = 13640, .adv_w = 161, .box_w = 10, .box_h = 12, .ofs_x = 0, .ofs_y = 0},
    {.bitmap_index = 13700, .adv_w = 172, .box_w = 12, .box_h = 15, .ofs_x = 0, .ofs_y = 0},
    {.bitmap_index = 13790, .adv_w = 161, .box_w = 10, .box_h = 12, .ofs_x = 0, .ofs_y = 0},
    {.bitmap_index = 13850, .adv_w = 172, .box_w = 12, .box_h = 15, .ofs_x = 0, .ofs_y = 0},
    {.bitmap_index = 13940, .adv_w = 161, .box_w = 10, .box_h = 13, .ofs_x = 0, .ofs_y = 0},
    {.bitmap_index = 14005, .adv_w = 172, .box_w = 12, .box_h = 17, .ofs_x = 0, .ofs_y = -5},
    {.bitmap_index = 14107, .adv_w = 161, .box_w = 10, .box_h = 13, .ofs_x = 0, .ofs_y = -4},
    {.bitmap_index = 14172, .adv_w = 172, .box_w = 12, .box_h = 15, .ofs_x = 0, .ofs_y = 0},
    {.bitmap_index = 14262, .adv_w = 161, .box_w = 10, .box_h = 12, .ofs_x = 0, .ofs_y = 0},
    {.bitmap_index = 14322, .adv_w = 197, .box_w = 13, .box_h = 15, .ofs_x = 0, .ofs_y = 0},
    {.bitmap_index = 14420, .adv_w = 179, .box_w = 12, .box_h = 15, .ofs_x = -1, .ofs_y = -3},
    {.bitmap_index = 14510, .adv_w = 197, .box_w = 13, .box_h = 15, .ofs_x = 0, .ofs_y = 0},
    {.bitmap_index = 14608, .adv_w = 179, .box_w = 12, .box_h = 15, .ofs_x = -1, .ofs_y = -3},
    {.bitmap_index = 14698, .adv_w = 197, .box_w = 13, .box_h = 16, .ofs_x = 0, .ofs_y = 0},
    {.bitmap_index = 14802, .adv_w = 179, .box_w = 12, .box_h = 16, .ofs_x = -1, .ofs_y = -3},
    {.bitmap_index = 14898, .adv_w = 197, .box_w = 13, .box_h = 17, .ofs_x = 0, .ofs_y = -5},
    {.bitmap_index = 15009, .adv_w = 179, .box_w = 12, .box_h = 17, .ofs_x = -1, .ofs_y = -3},
    {.bitmap_index = 15111, .adv_w = 207, .box_w = 13, .box_h = 15, .ofs_x = 0, .ofs_y = 0},
    {.bitmap_index = 15209, .adv_w = 177, .box_w = 11, .box_h = 16, .ofs_x = 0, .ofs_y = 0},
    {.bitmap_index = 15297, .adv_w = 217, .box_w = 15, .box_h = 12, .ofs_x = 0, .ofs_y = 0},
    {.bitmap_index = 15387, .adv_w = 178, .box_w = 11, .box_h = 12, .ofs_x = 0, .ofs_y = 0},
    {.bitmap_index = 15453, .adv_w = 84, .box_w = 8, .box_h = 16, .ofs_x = 0, .ofs_y = 0},
    {.bitmap_index = 15517, .adv_w = 77, .box_w = 7, .box_h = 12, .ofs_x = 0, .ofs_y = 0},
    {.bitmap_index = 15559, .adv_w = 84, .box_w = 7, .box_h = 15, .ofs_x = 0, .ofs_y = 0},
    {.bitmap_index = 15612, .adv_w = 77, .box_w = 7, .box_h = 12, .ofs_x = 0, .ofs_y = 0},
    {.bitmap_index = 15654, .adv_w = 84, .box_w = 8, .box_h = 15, .ofs_x = 0, .ofs_y = 0},
    {.bitmap_index = 15714, .adv_w = 77, .box_w = 7, .box_h = 12, .ofs_x = 0, .ofs_y = 0},
    {.bitmap_index = 15756, .adv_w = 84, .box_w = 6, .box_h = 17, .ofs_x = 0, .ofs_y = -5},
    {.bitmap_index = 15807, .adv_w = 77, .box_w = 7, .box_h = 18, .ofs_x = -1, .ofs_y = -5},
    {.bitmap_index = 15870, .adv_w = 84, .box_w = 6, .box_h = 15, .ofs_x = 0, .ofs_y = 0},
    {.bitmap_index = 15915, .adv_w = 77, .box_w = 5, .box_h = 9, .ofs_x = 0, .ofs_y = 0},
    {.bitmap_index = 15938, .adv_w = 183, .box_w = 12, .box_h = 12, .ofs_x = 0, .ofs_y = 0},
    {.bitmap_index = 16010, .adv_w = 155, .box_w = 11, .box_h = 16, .ofs_x = 0, .ofs_y = -3},
    {.bitmap_index = 16098, .adv_w = 136, .box_w = 11, .box_h = 15, .ofs_x = -1, .ofs_y = 0},
    {.bitmap_index = 16181, .adv_w = 78, .box_w = 10, .box_h = 15, .ofs_x = -3, .ofs_y = -3},
    {.bitmap_index = 16256, .adv_w = 189, .box_w = 14, .box_h = 17, .ofs_x = 0, .ofs_y = -5},
    {.bitmap_index = 16375, .adv_w = 166, .box_w = 12, .box_h = 17, .ofs_x = 0, .ofs_y = -5},
    {.bitmap_index = 16477, .adv_w = 167, .box_w = 12, .box_h = 9, .ofs_x = 0, .ofs_y = 0},
    {.bitmap_index = 16531, .adv_w = 155, .box_w = 10, .box_h = 15, .ofs_x = 0, .ofs_y = 0},
    {.bitmap_index = 16606, .adv_w = 77, .box_w = 8, .box_h = 16, .ofs_x = 0, .ofs_y = 0},
    {.bitmap_index = 16670, .adv_w = 155, .box_w = 10, .box_h = 17, .ofs_x = 0, .ofs_y = -5},
    {.bitmap_index = 16755, .adv_w = 77, .box_w = 7, .box_h = 17, .ofs_x = -1, .ofs_y = -5},
    {.bitmap_index = 16815, .adv_w = 155, .box_w = 11, .box_h = 12, .ofs_x = 0, .ofs_y = 0},
    {.bitmap_index = 16881, .adv_w = 77, .box_w = 9, .box_h = 13, .ofs_x = 0, .ofs_y = 0},
    {.bitmap_index = 16940, .adv_w = 155, .box_w = 10, .box_h = 12, .ofs_x = 0, .ofs_y = 0},
    {.bitmap_index = 17000, .adv_w = 108, .box_w = 8, .box_h = 12, .ofs_x = 0, .ofs_y = 0},
    {.bitmap_index = 17048, .adv_w = 158, .box_w = 11, .box_h = 12, .ofs_x = -1, .ofs_y = 0},
    {.bitmap_index = 17114, .adv_w = 89, .box_w = 8, .box_h = 12, .ofs_x = -1, .ofs_y = 0},
    {.bitmap_index = 17162, .adv_w = 207, .box_w = 13, .box_h = 15, .ofs_x = 0, .ofs_y = 0},
    {.bitmap_index = 17260, .adv_w = 177, .box_w = 11, .box_h = 12, .ofs_x = 0, .ofs_y = 0},
    {.bitmap_index = 17326, .adv_w = 207, .box_w = 13, .box_h = 17, .ofs_x = 0, .ofs_y = -5},
    {.bitmap_index = 17437, .adv_w = 177, .box_w = 11, .box_h = 14, .ofs_x = 0, .ofs_y = -5},
    {.bitmap_index = 17514, .adv_w = 207, .box_w = 13, .box_h = 15, .ofs_x = 0, .ofs_y = 0},
    {.bitmap_index = 17612, .adv_w = 177, .box_w = 11, .box_h = 12, .ofs_x = 0, .ofs_y = 0},
    {.bitmap_index = 17678, .adv_w = 204, .box_w = 14, .box_h = 12, .ofs_x = -1, .ofs_y = 0},
    {.bitmap_index = 17762, .adv_w = 207, .box_w = 13, .box_h = 15, .ofs_x = 0, .ofs_y = -3},
    {.bitmap_index = 17860, .adv_w = 177, .box_w = 11, .box_h = 12, .ofs_x = 0, .ofs_y = -3},
    {.bitmap_index = 17926, .adv_w = 216, .box_w = 14, .box_h = 15, .ofs_x = 0, .ofs_y = 0},
    {.bitmap_index = 18031, .adv_w = 167, .box_w = 10, .box_h = 12, .ofs_x = 0, .ofs_y = 0},
    {.bitmap_index = 18091, .adv_w = 216, .box_w = 14, .box_h = 15, .ofs_x = 0, .ofs_y = 0},
    {.bitmap_index = 18196, .adv_w = 167, .box_w = 10, .box_h = 12, .ofs_x = 0, .ofs_y = 0},
    {.bitmap_index = 18256, .adv_w = 216, .box_w = 14, .box_h = 15, .ofs_x = 0, .ofs_y = 0},
    {.bitmap_index = 18361, .adv_w = 167, .box_w = 11, .box_h = 12, .ofs_x = 0, .ofs_y = 0},
    {.bitmap_index = 18427, .adv_w = 291, .box_w = 19, .box_h = 12, .ofs_x = 0, .ofs_y = 0},
    {.bitmap_index = 18541, .adv_w = 271, .box_w = 17, .box_h = 9, .ofs_x = 0, .ofs_y = 0},
    {.bitmap_index = 18618, .adv_w = 188, .box_w = 12, .box_h = 15, .ofs_x = 0, .ofs_y = 0},
    {.bitmap_index = 18708, .adv_w = 110, .box_w = 9, .box_h = 12, .ofs_x = 0, .ofs_y = 0},
    {.bitmap_index = 18762, .adv_w = 188, .box_w = 12, .box_h = 17, .ofs_x = 0, .ofs_y = -5},
    {.bitmap_index = 18864, .adv_w = 110, .box_w = 9, .box_h = 14, .ofs_x = -1, .ofs_y = -5},
    {.bitmap_index = 18927, .adv_w = 188, .box_w = 12, .box_h = 15, .ofs_x = 0, .ofs_y = 0},
    {.bitmap_index = 19017, .adv_w = 110, .box_w = 9, .box_h = 12, .ofs_x = 0, .ofs_y = 0},
    {.bitmap_index = 19071, .adv_w = 163, .box_w = 12, .box_h = 15, .ofs_x = -1, .ofs_y = 0},
    {.bitmap_index = 19161, .adv_w = 136, .box_w = 10, .box_h = 12, .ofs_x = -1, .ofs_y = 0},
    {.bitmap_index = 19221, .adv_w = 163, .box_w = 12, .box_h = 15, .ofs_x = -1, .ofs_y = 0},
    {.bitmap_index = 19311, .adv_w = 136, .box_w = 10, .box_h = 12, .ofs_x = -1, .ofs_y = 0},
    {.bitmap_index = 19371, .adv_w = 163, .box_w = 12, .box_h = 16, .ofs_x = -1, .ofs_y = -4},
    {.bitmap_index = 19467, .adv_w = 136, .box_w = 10, .box_h = 14, .ofs_x = -1, .ofs_y = -5},
    {.bitmap_index = 19537, .adv_w = 163, .box_w = 12, .box_h = 15, .ofs_x = -1, .ofs_y = 0},
    {.bitmap_index = 19627, .adv_w = 136, .box_w = 10, .box_h = 12, .ofs_x = -1, .ofs_y = 0},
    {.bitmap_index = 19687, .adv_w = 158, .box_w = 11, .box_h = 17, .ofs_x = 1, .ofs_y = -5},
    {.bitmap_index = 19781, .adv_w = 112, .box_w = 7, .box_h = 16, .ofs_x = 0, .ofs_y = -5},
    {.bitmap_index = 19837, .adv_w = 158, .box_w = 11, .box_h = 15, .ofs_x = 1, .ofs_y = 0},
    {.bitmap_index = 19920, .adv_w = 112, .box_w = 9, .box_h = 13, .ofs_x = 0, .ofs_y = 0},
    {.bitmap_index = 19979, .adv_w = 158, .box_w = 11, .box_h = 12, .ofs_x = 1, .ofs_y = 0},
    {.bitmap_index = 20045, .adv_w = 115, .box_w = 8, .box_h = 11, .ofs_x = 0, .ofs_y = 0},
    {.bitmap_index = 20089, .adv_w = 197, .box_w = 13, .box_h = 16, .ofs_x = 0, .ofs_y = 0},
    {.bitmap_index = 20193, .adv_w = 176, .box_w = 11, .box_h = 12, .ofs_x = 0, .ofs_y = 0},
    {.bitmap_index = 20259, .adv_w = 197, .box_w = 13, .box_h = 15, .ofs_x = 0, .ofs_y = 0},
    {.bitmap_index = 20357, .adv_w = 176, .box_w = 11, .box_h = 12, .ofs_x = 0, .ofs_y = 0},
    {.bitmap_index = 20423, .adv_w = 197, .box_w = 13, .box_h = 15, .ofs_x = 0, .ofs_y = 0},
    {.bitmap_index = 20521, .adv_w = 176, .box_w = 11, .box_h = 12, .ofs_x = 0, .ofs_y = 0},
    {.bitmap_index = 20587, .adv_w = 197, .box_w = 13, .box_h = 16, .ofs_x = 0, .ofs_y = 0},
    {.bitmap_index = 20691, .adv_w = 176, .box_w = 11, .box_h = 14, .ofs_x = 0, .ofs_y = 0},
    {.bitmap_index = 20768, .adv_w = 197, .box_w = 13, .box_h = 15, .ofs_x = 0, .ofs_y = 0},
    {.bitmap_index = 20866, .adv_w = 176, .box_w = 12, .box_h = 12, .ofs_x = 0, .ofs_y = 0},
    {.bitmap_index = 20938, .adv_w = 197, .box_w = 13, .box_h = 16, .ofs_x = 0, .ofs_y = -4},
    {.bitmap_index = 21042, .adv_w = 176, .box_w = 11, .box_h = 13, .ofs_x = 0, .ofs_y = -4},
    {.bitmap_index = 21114, .adv_w = 294, .box_w = 19, .box_h = 15, .ofs_x = 1, .ofs_y = 0},
    {.bitmap_index = 21257, .adv_w = 241, .box_w = 16, .box_h = 12, .ofs_x = 0, .ofs_y = 0},
    {.bitmap_index = 21353, .adv_w = 178, .box_w = 12, .box_h = 15, .ofs_x = 1, .ofs_y = 0},
    {.bitmap_index = 21443, .adv_w = 153, .box_w = 13, .box_h = 15, .ofs_x = -2, .ofs_y = -3},
    {.bitmap_index = 21541, .adv_w = 178, .box_w = 12, .box_h = 15, .ofs_x = 1, .ofs_y = 0},
    {.bitmap_index = 21631, .adv_w = 172, .box_w = 13, .box_h = 15, .ofs_x = -1, .ofs_y = 0},
    {.bitmap_index = 21729, .adv_w = 139, .box_w = 11, .box_h = 12, .ofs_x = -1, .ofs_y = 0},
    {.bitmap_index = 21795, .adv_w = 172, .box_w = 13, .box_h = 15, .ofs_x = -1, .ofs_y = 0},
    {.bitmap_index = 21893, .adv_w = 139, .box_w = 10, .box_h = 13, .ofs_x = -1, .ofs_y = 0},
    {.bitmap_index = 21958, .adv_w = 172, .box_w = 13, .box_h = 15, .ofs_x = -1, .ofs_y = 0},
    {.bitmap_index = 22056, .adv_w = 139, .box_w = 11, .box_h = 12, .ofs_x = -1, .ofs_y = 0},
    {.bitmap_index = 22122, .adv_w = 85, .box_w = 9, .box_h = 12, .ofs_x = 0, .ofs_y = 0},
    {.bitmap_index = 22176, .adv_w = 179, .box_w = 0, .box_h = 0, .ofs_x = 0, .ofs_y = 0},
    {.bitmap_index = 22176, .adv_w = 67, .box_w = 0, .box_h = 0, .ofs_x = 0, .ofs_y = 0},
    {.bitmap_index = 22176, .adv_w = 36, .box_w = 0, .box_h = 0, .ofs_x = 0, .ofs_y = 0},
    {.bitmap_index = 22176, .adv_w = 26, .box_w = 0, .box_h = 0, .ofs_x = 0, .ofs_y = 0},
    {.bitmap_index = 22176, .adv_w = 0, .box_w = 0, .box_h = 0, .ofs_x = 0, .ofs_y = 0},
    {.bitmap_index = 22176, .adv_w = 99, .box_w = 6, .box_h = 3, .ofs_x = 0, .ofs_y = 4},
    {.bitmap_index = 22185, .adv_w = 179, .box_w = 11, .box_h = 2, .ofs_x = 0, .ofs_y = 5},
    {.bitmap_index = 22196, .adv_w = 128, .box_w = 10, .box_h = 2, .ofs_x = -1, .ofs_y = 4},
    {.bitmap_index = 22206, .adv_w = 256, .box_w = 18, .box_h = 2, .ofs_x = -1, .ofs_y = 4},
    {.bitmap_index = 22224, .adv_w = 256, .box_w = 18, .box_h = 2, .ofs_x = -1, .ofs_y = 4},
    {.bitmap_index = 22242, .adv_w = 67, .box_w = 4, .box_h = 6, .ofs_x = 1, .ofs_y = 6},
    {.bitmap_index = 22254, .adv_w = 67, .box_w = 4, .box_h = 6, .ofs_x = 1, .ofs_y = 6},
    {.bitmap_index = 22266, .adv_w = 67, .box_w = 5, .box_h = 6, .ofs_x = -1, .ofs_y = -3},
    {.bitmap_index = 22281, .adv_w = 127, .box_w = 8, .box_h = 6, .ofs_x = 1, .ofs_y = 6},
    {.bitmap_index = 22305, .adv_w = 127, .box_w = 8, .box_h = 6, .ofs_x = 1, .ofs_y = 6},
    {.bitmap_index = 22329, .adv_w = 127, .box_w = 8, .box_h = 6, .ofs_x = -1, .ofs_y = -3},
    {.bitmap_index = 22353, .adv_w = 151, .box_w = 10, .box_h = 15, .ofs_x = 0, .ofs_y = -3},
    {.bitmap_index = 22428, .adv_w = 151, .box_w = 11, .box_h = 15, .ofs_x = -1, .ofs_y = -3},
    {.bitmap_index = 22511, .adv_w = 92, .box_w = 5, .box_h = 5, .ofs_x = 0, .ofs_y = 3},
    {.bitmap_index = 22524, .adv_w = 204, .box_w = 13, .box_h = 4, .ofs_x = -1, .ofs_y = 0},
    {.bitmap_index = 22550, .adv_w = 322, .box_w = 19, .box_h = 12, .ofs_x = 1, .ofs_y = 0},
    {.bitmap_index = 22664, .adv_w = 59, .box_w = 4, .box_h = 5, .ofs_x = 1, .ofs_y = 7},
    {.bitmap_index = 22674, .adv_w = 112, .box_w = 7, .box_h = 5, .ofs_x = 1, .ofs_y = 7},
    {.bitmap_index = 22692, .adv_w = 88, .box_w = 6, .box_h = 7, .ofs_x = 0, .ofs_y = 1},
    {.bitmap_index = 22713, .adv_w = 88, .box_w = 6, .box_h = 7, .ofs_x = -1, .ofs_y = 1},
    {.bitmap_index = 22734, .adv_w = 47, .box_w = 13, .box_h = 12, .ofs_x = -5, .ofs_y = 0},
    {.bitmap_index = 22812, .adv_w = 147, .box_w = 9, .box_h = 12, .ofs_x = 0, .ofs_y = 0},
    {.bitmap_index = 22866, .adv_w = 188, .box_w = 13, .box_h = 16, .ofs_x = 0, .ofs_y = -2},
    {.bitmap_index = 22970, .adv_w = 175, .box_w = 13, .box_h = 12, .ofs_x = -1, .ofs_y = 0},
    {.bitmap_index = 23048, .adv_w = 171, .box_w = 13, .box_h = 12, .ofs_x = -1, .ofs_y = 0},
    {.bitmap_index = 23126, .adv_w = 231, .box_w = 15, .box_h = 12, .ofs_x = 0, .ofs_y = 0},
    {.bitmap_index = 23216, .adv_w = 436, .box_w = 28, .box_h = 12, .ofs_x = 0, .ofs_y = 0},
    {.bitmap_index = 23384, .adv_w = 319, .box_w = 21, .box_h = 12, .ofs_x = 0, .ofs_y = 0},
    {.bitmap_index = 23510, .adv_w = 177, .box_w = 14, .box_h = 15, .ofs_x = -1, .ofs_y = -3},
    {.bitmap_index = 23615, .adv_w = 210, .box_w = 14, .box_h = 12, .ofs_x = 0, .ofs_y = 0},
    {.bitmap_index = 23699, .adv_w = 189, .box_w = 14, .box_h = 12, .ofs_x = 0, .ofs_y = 0},
    {.bitmap_index = 23783, .adv_w = 180, .box_w = 11, .box_h = 12, .ofs_x = 1, .ofs_y = 0},
    {.bitmap_index = 23849, .adv_w = 222, .box_w = 15, .box_h = 12, .ofs_x = 0, .ofs_y = 0},
    {.bitmap_index = 23939, .adv_w = 197, .box_w = 13, .box_h = 16, .ofs_x = 0, .ofs_y = -2},
    {.bitmap_index = 24043, .adv_w = 212, .box_w = 12, .box_h = 12, .ofs_x = 1, .ofs_y = 0},
    {.bitmap_index = 24115, .adv_w = 188, .box_w = 13, .box_h = 16, .ofs_x = 0, .ofs_y = -2},
    {.bitmap_index = 24219, .adv_w = 187, .box_w = 12, .box_h = 12, .ofs_x = 1, .ofs_y = 0},
    {.bitmap_index = 24291, .adv_w = 185, .box_w = 12, .box_h = 12, .ofs_x = 1, .ofs_y = 0},
    {.bitmap_index = 24363, .adv_w = 193, .box_w = 12, .box_h = 12, .ofs_x = 0, .ofs_y = 0},
    {.bitmap_index = 24435, .adv_w = 233, .box_w = 14, .box_h = 14, .ofs_x = 0, .ofs_y = 0},
    {.bitmap_index = 24533, .adv_w = 199, .box_w = 14, .box_h = 12, .ofs_x = -1, .ofs_y = 0},
    {.bitmap_index = 24617, .adv_w = 207, .box_w = 13, .box_h = 16, .ofs_x = 0, .ofs_y = -2},
    {.bitmap_index = 24721, .adv_w = 121, .box_w = 8, .box_h = 13, .ofs_x = 0, .ofs_y = -1},
    {.bitmap_index = 24773, .adv_w = 312, .box_w = 20, .box_h = 12, .ofs_x = 0, .ofs_y = 0},
    {.bitmap_index = 24893, .adv_w = 268, .box_w = 16, .box_h = 8, .ofs_x = 1, .ofs_y = 4},
    {.bitmap_index = 24957, .adv_w = 228, .box_w = 15, .box_h = 12, .ofs_x = -1, .ofs_y = 0},
    {.bitmap_index = 25047, .adv_w = 189, .box_w = 14, .box_h = 12, .ofs_x = 0, .ofs_y = 0},
    {.bitmap_index = 25131, .adv_w = 196, .box_w = 14, .box_h = 17, .ofs_x = -2, .ofs_y = -1},
    {.bitmap_index = 25250, .adv_w = 221, .box_w = 14, .box_h = 12, .ofs_x = 0, .ofs_y = 0},
    {.bitmap_index = 25334, .adv_w = 178, .box_w = 12, .box_h = 12, .ofs_x = -1, .ofs_y = 0}
};

/*---------------------
 *  CHARACTER MAPPING
 *--------------------*/

static const uint16_t unicode_list_3[] = {
    0x0, 0x1, 0x2, 0x3, 0x4, 0x9, 0xb, 0xc,
    0xd, 0xe, 0x11, 0x12, 0x13, 0x15, 0x16, 0x17,
    0x19, 0x1a, 0x1b, 0x1f, 0x29, 0x2b, 0x2c, 0x32,
    0x33, 0x3d, 0x4b, 0x9a, 0x9c, 0x9d, 0x9f, 0xa0,
    0xa2, 0xa4, 0xa5, 0xa6, 0xa7, 0xaa, 0xab, 0xad,
    0xae, 0xb1, 0xb2, 0xb3, 0xb5, 0xb6, 0xb8, 0x10c,
    0x10f, 0x11b, 0x11f, 0x123, 0x124, 0x127, 0x13d
};

/*Collect the unicode lists and glyph_id offsets*/
static const lv_font_fmt_txt_cmap_t cmaps[] =
{
    {
        .range_start = 32, .range_length = 95, .glyph_id_start = 1,
        .unicode_list = NULL, .glyph_id_ofs_list = NULL, .list_length = 0, .type = LV_FONT_FMT_TXT_CMAP_FORMAT0_TINY
    },
    {
        .range_start = 160, .range_length = 13, .glyph_id_start = 96,
        .unicode_list = NULL, .glyph_id_ofs_list = NULL, .list_length = 0, .type = LV_FONT_FMT_TXT_CMAP_FORMAT0_TINY
    },
    {
        .range_start = 174, .range_length = 210, .glyph_id_start = 109,
        .unicode_list = NULL, .glyph_id_ofs_list = NULL, .list_length = 0, .type = LV_FONT_FMT_TXT_CMAP_FORMAT0_TINY
    },
    {
        .range_start = 8199, .range_length = 318, .glyph_id_start = 319,
        .unicode_list = unicode_list_3, .glyph_id_ofs_list = NULL, .list_length = 55, .type = LV_FONT_FMT_TXT_CMAP_SPARSE_TINY
    }
};



/*--------------------
 *  ALL CUSTOM DATA
 *--------------------*/

#if LVGL_VERSION_MAJOR == 8
/*Store all the custom data of the font*/
static  lv_font_fmt_txt_glyph_cache_t cache;
#endif

#if LVGL_VERSION_MAJOR >= 8
static const lv_font_fmt_txt_dsc_t font_dsc = {
#else
static lv_font_fmt_txt_dsc_t font_dsc = {
#endif
    .glyph_bitmap = glyph_bitmap,
    .glyph_dsc = glyph_dsc,
    .cmaps = cmaps,
    .kern_dsc = NULL,
    .kern_scale = 0,
    .cmap_num = 4,
    .bpp = 4,
    .kern_classes = 0,
    .bitmap_format = 0,
#if LVGL_VERSION_MAJOR == 8
    .cache = &cache
#endif
};

extern const lv_font_t status_text_16;


/*-----------------
 *  PUBLIC FONT
 *----------------*/

/*Initialize a public general font descriptor*/
#if LVGL_VERSION_MAJOR >= 8
const lv_font_t status_text_16_bold_italic = {
#else
lv_font_t status_text_16_bold_italic = {
#endif
    .get_glyph_dsc = lv_font_get_glyph_dsc_fmt_txt,    /*Function pointer to get glyph's data*/
    .get_glyph_bitmap = lv_font_get_bitmap_fmt_txt,    /*Function pointer to get glyph's bitmap*/
    .line_height = 22,          /*The maximum line height required by the font*/
    .base_line = 5,             /*Baseline measured from the bottom of the line*/
#if !(LVGL_VERSION_MAJOR == 6 && LVGL_VERSION_MINOR == 0)
    .subpx = LV_FONT_SUBPX_NONE,
#endif
#if LV_VERSION_CHECK(7, 4, 0) || LVGL_VERSION_MAJOR >= 8
    .underline_position = -2,
    .underline_thickness = 1,
#endif
    .dsc = &font_dsc,          /*The custom font data. Will be accessed by `get_glyph_bitmap/dsc` */
#if LV_VERSION_CHECK(8, 2, 0) || LVGL_VERSION_MAJOR >= 9
    .fallback = &status_text_16,
#endif
    .user_data = NULL,
};



#endif /*#if STATUS_TEXT_16_BOLD_ITALIC*/
